,CSM-001
2022-01-04,0.0
2022-01-05,0.0
2022-01-06,0.0
2022-01-07,0.0
2022-01-10,0.0
2022-01-11,0.0
2022-01-12,0.0
2022-01-13,0.0
2022-01-14,0.0
2022-01-18,0.0
2022-01-19,0.0
2022-01-20,0.0
2022-01-21,0.0
2022-01-24,0.0
2022-01-25,0.0
2022-01-26,0.0
2022-01-27,0.0
2022-01-28,0.0
2022-01-31,0.0
2022-02-01,0.0015831120018680303
2022-02-02,-0.003948169991006543
2022-02-03,-0.022021919307178884
2022-02-04,0.011409018740093674
2022-02-07,0.005348053772707292
2022-02-08,0.03403164830927642
2022-02-09,0.04134569450988369
2022-02-10,-0.017573606297982693
2022-02-11,-0.022113982339514407
2022-02-14,-0.00608221425893317
2022-02-15,0.03790652810077942
2022-02-16,-0.0008246321127210624
2022-02-17,-0.03376039876266143
2022-02-18,-0.0032700259804376974
2022-02-22,-0.028274354366575476
2022-02-23,-0.01647010263929275
2022-02-24,0.04672282921517471
2022-02-25,0.025666966820081974
2022-02-28,0.0042285341918502865
2022-03-01,-0.022169500987374635
2022-03-02,0.030321855096700788
2022-03-03,-0.010636693123635526
2022-03-04,-0.018335332609589527
2022-03-07,-0.037495804547663034
2022-03-08,0.005367847853347718
2022-03-09,0.01712336699879982
2022-03-10,0.0030083045658253257
2022-03-11,-0.00871322812956916
2022-03-14,-0.013095118413746235
2022-03-15,0.022208307410664402
2022-03-16,0.036717307667750276
2022-03-17,0.030143522803565463
2022-03-18,0.002223041426056538
2022-03-21,0.003173419200130678
2022-03-22,0.019049279402154205
2022-03-23,-0.004044893433848248
2022-03-24,0.005930749839819462
2022-03-25,-0.002928573658731528
2022-03-28,0.01375872137702114
2022-03-29,0.01879083746033617
2022-03-30,-0.02046661315976205
2022-03-31,-0.017349045561430666
2022-04-01,-0.007218339196309444
2022-04-04,0.00755220438993896
2022-04-05,-0.03156530066787083
2022-04-06,-0.012511530061082387
2022-04-07,0.013052985239844814
2022-04-08,-0.02209448191313823
2022-04-11,-0.01573537532555308
2022-04-12,-0.002987960808055207
2022-04-13,0.03025888751163385
2022-04-14,-0.012229663488961014
2022-04-18,-0.007863258805613563
2022-04-19,0.007516376214961222
2022-04-20,-0.0004936914698690665
2022-04-21,-0.037914047735569105
2022-04-22,-0.029248129773580663
2022-04-25,0.009226347634146878
2022-04-26,-0.035320588501313005
2022-04-27,0.007220050549934238
2022-04-28,0.01822801171300424
2022-04-29,-0.03635592945145321
2022-05-02,0.012650979432258142
2022-05-03,0.015485164885899457
2022-05-04,0.02908512893085627
2022-05-05,-0.04369330194647811
2022-05-06,-0.024487789875211493
2022-05-09,-0.06242053135113011
2022-05-10,-0.002100555393494332
2022-05-11,-0.022520116066441206
2022-05-12,0.007596041830227294
2022-05-13,0.044361349317239535
2022-05-16,-0.0018859402397400568
2022-05-17,0.03171076992310351
2022-05-18,-0.0526710987775529
2022-05-19,0.009971321581930655
2022-05-20,-0.010571023531703267
2022-05-23,0.014857298714611337
2022-05-24,-0.021846102796028062
2022-05-25,0.02671103594099844
2022-05-26,0.02910463405174725
2022-05-27,0.04379326760019567
2022-05-31,-0.01795802750906948
2022-06-01,-0.00786806578422453
2022-06-02,0.019254693647743078
2022-06-03,-0.011723203644273523
2022-06-06,0.004338678530680666
2022-06-07,0.017552684857533404
2022-06-08,-0.018668205613444136
2022-06-09,-0.03851020537195346
2022-06-10,-0.022599182226395734
2022-06-13,-0.04381653453288844
2022-06-14,0.003618938279730575
2022-06-15,0.008015434046069383
2022-06-16,-0.04204209284621768
2022-06-17,-0.006763433707742261
2022-06-21,0.020906609967948193
2022-06-22,-0.01385962803673527
2022-06-23,-0.004470098627655419
2022-06-24,0.032478800224725164
2022-06-27,0.015243043603390025
2022-06-28,-0.01220345855070332
2022-06-29,-0.013747986668451641
2022-06-30,-0.011868045733682733
2022-07-01,0.003735010865268299
2022-07-05,-0.01671349727780185
2022-07-06,-0.0031319840040494023
2022-07-07,0.033690734552398426
2022-07-08,0.0037631605199764675
2022-07-11,-0.015647263208398418
2022-07-12,-0.004433295866806329
2022-07-13,0.0020177330817061773
2022-07-14,-0.015416844712442207
2022-07-15,0.01940979193028939
2022-07-18,-0.0006853449267586152
2022-07-19,0.03487764522990785
2022-07-20,0.0072440143365506285
2022-07-21,-0.005590756330128262
2022-07-22,-0.011405680967333885
2022-07-25,0.015049191967711737
2022-07-26,-0.007143222613894347
2022-07-27,0.022230071630530528
2022-07-28,0.008478041117209694
2022-07-29,0.016562673096480292
2022-08-01,-0.0029172038827539565
2022-08-02,0.0005206721407742029
2022-08-03,0.003762275356352123
2022-08-04,-0.014115979640054094
2022-08-05,0.011029959883217075
2022-08-08,0.0012307164474512518
2022-08-09,-0.01757284702287665
2022-08-10,0.021288855975509453
2022-08-11,0.018279663522880248
2022-08-12,0.03095862213183207
2022-08-15,-0.0001880794389492287
2022-08-16,-0.0008755256092232159
2022-08-17,-0.015923447796224455
2022-08-18,0.021422057638207335
2022-08-19,-0.007902139281603136
2022-08-22,-0.012643939319782603
2022-08-23,0.015342246794887974
2022-08-24,0.01104235013265773
2022-08-25,0.01910885942001156
2022-08-26,-0.026338740899423944
2022-08-29,-0.0044563264254679595
2022-08-30,-0.023723234592996155
2022-08-31,0.0016137322764147996
2022-09-01,-0.0013997826727635103
2022-09-02,-0.0037718214252663615
2022-09-06,-0.0232068429323947
2022-09-07,0.013171247632184772
2022-09-08,0.008570950838263513
2022-09-09,0.016902669948762886
2022-09-12,0.012241929607268371
2022-09-13,-0.03836622562630851
2022-09-14,0.00859968256403134
2022-09-15,-0.013766716708232271
2022-09-16,-0.01504650585172103
2022-09-19,0.012266295209028116
2022-09-20,-0.010907794848794393
2022-09-21,-0.010826613056042472
2022-09-22,-0.023459173709583364
2022-09-23,-0.03247772417019999
2022-09-26,-0.01162615286033971
2022-09-27,0.013872999414812934
2022-09-28,0.03503381437994553
2022-09-29,-0.020333381447894792
2022-09-30,-0.005421710484391662
2022-10-03,0.013149050613156223
2022-10-04,0.03306130542704189
2022-10-05,-0.0030281793837130828
2022-10-06,-0.0050851758879046
2022-10-07,-0.025300370685898167
2022-10-10,-0.005826747060659195
2022-10-11,-0.005240914019136467
2022-10-12,-0.009544681394739244
2022-10-13,0.0333278964517737
2022-10-14,-0.027864570315778943
2022-10-17,0.027527687064459058
2022-10-18,0.006249093439474582
2022-10-19,-0.007533409573086081
2022-10-20,-0.004991296055405927
2022-10-21,0.026333162634102
2022-10-24,0.010879220219612287
2022-10-25,0.019158800453094822
2022-10-26,0.013608175407518984
2022-10-27,-6.0157110166004276e-05
2022-10-28,0.02121362906033029
2022-10-31,-0.0040598966662483615
2022-11-01,0.002127436585204116
2022-11-02,-0.020933619445477166
2022-11-03,0.0171952345316256
2022-11-04,-0.004738368333326446
2022-11-07,0.01202350029072782
2022-11-08,0.001487154389333383
2022-11-09,-0.023233079645734442
2022-11-10,0.04054251133196697
2022-11-11,-0.001344158541487795
2022-11-14,-0.003041333218701299
2022-11-15,0.011142603798745583
2022-11-16,-0.01837588694693664
2022-11-17,-0.0017389833342348296
2022-11-18,0.009849354823242873
2022-11-21,0.0013523628799935673
2022-11-22,0.01480905949725005
2022-11-23,-0.0037366993333218983
2022-11-25,0.004473894633554383
2022-11-28,-0.003467577910494986
2022-11-29,0.004077471771567677
2022-11-30,0.022870240058831728
2022-12-01,-0.004963558254287187
2022-12-02,0.011900822385683522
2022-12-05,-0.022974062865465945
2022-12-06,-0.010005761332149116
2022-12-07,-0.00013224967657321073
2022-12-08,0.0064192103951697535
2022-12-09,-0.01570504422711288
2022-12-12,0.01846319694320272
2022-12-13,0.0013655018050161515
2022-12-14,-0.0042715695480218495
2022-12-15,-0.009256425394487669
2022-12-16,0.002062613266906017
2022-12-19,-0.011261559083016976
2022-12-20,0.011104894434491523
2022-12-21,0.012196107329298683
2022-12-22,-0.0013432785716428106
2022-12-23,0.009600598696204932
2022-12-27,-0.002108699884021985
2022-12-28,-0.011162330375150065
2022-12-29,0.007877338808160208
2022-12-30,0.003975978283959432
2023-01-03,-0.019370627811563214
2023-01-04,0.0015452335132215822
2023-01-05,-0.014001419599814059
2023-01-06,0.014362188144871443
2023-01-09,-0.01252637804192625
2023-01-10,0.014990872990123427
2023-01-11,0.00643730952672862
2023-01-12,0.015123588239454802
2023-01-13,0.010234560259059187
2023-01-17,0.00027753112836359555
2023-01-18,-0.01818215634833869
2023-01-19,-0.013721623607683746
2023-01-20,0.015662789827577978
2023-01-23,0.009004172492319613
2023-01-24,0.006486729107572451
2023-01-25,0.0017938288343191688
2023-01-26,0.005059985459224729
2023-01-27,-0.00465684846194614
2023-01-30,-0.010942038547443692
2023-01-31,0.019838873274899665
2023-02-01,0.0074662043319118025
2023-02-02,-0.007625354470429062
2023-02-03,-0.008057968113601151
2023-02-06,-0.004458398063258491
2023-02-07,0.013401270883633304
2023-02-08,-0.01673072484452146
2023-02-09,-0.006695829517315155
2023-02-10,0.002245174527267131
2023-02-13,0.0026830318849002657
2023-02-14,-0.003820617786637919
2023-02-15,0.007793823775303484
2023-02-16,-0.00840530881574245
2023-02-17,0.007929160903547908
2023-02-21,-0.03268800666373213
2023-02-22,0.0014928610061043025
2023-02-23,0.003421318763494284
2023-02-24,-0.010489769424706905
2023-02-27,0.0032222463989340167
2023-02-28,0.0008945401210427793
2023-03-01,0.0062930533754572155
2023-03-02,-0.0014080003007285087
2023-03-03,0.027717742108540104
2023-03-06,-0.008851069629263266
2023-03-07,-0.004238916114916149
2023-03-08,0.002119947674439552
2023-03-09,-0.017388350854817415
2023-03-10,-0.04147776538559554
2023-03-13,-0.00269084913780218
2023-03-14,0.029172984706463005
2023-03-15,-0.026679250137396655
2023-03-16,0.0180103195724858
2023-03-17,-0.017410549497040507
2023-03-20,0.00718141663781632
2023-03-21,-0.0010641405194550257
2023-03-22,-0.017815872997105388
2023-03-23,0.007751750366084121
2023-03-24,0.007527911455423628
2023-03-27,0.017496953642266437
2023-03-28,-0.006717135102833427
2023-03-29,0.018007527606969845
2023-03-30,-0.003600032527006154
2023-03-31,0.021632033804673576
2023-04-03,-0.0002047595998881939
2023-04-04,-0.028994183751689107
2023-04-05,-0.013027028449742685
2023-04-06,0.010365971900255996
2023-04-10,0.0152933286650225
2023-04-11,0.014410496068902084
2023-04-12,0.0019257485005897655
2023-04-13,0.018269961272396076
2023-04-14,0.0015288738164056519
2023-04-17,0.009899717112367954
2023-04-18,0.006283979377009507
2023-04-19,0.0026766395903379085
2023-04-20,-0.004610453500703576
2023-04-21,0.005276297049646956
2023-04-24,-0.00900106617665733
2023-04-25,-0.033422467425859734
2023-04-26,-0.010622351484498891
2023-04-27,0.010013176333345628
2023-04-28,0.011661940146827025
2023-05-01,0.0039555891937533925
2023-05-02,-0.01838246462789174
2023-05-03,0.015290182732310933
2023-05-04,-0.012806588574503602
2023-05-05,0.032149525916526506
2023-05-08,0.0037737457099453714
2023-05-09,0.0018843495516240472
2023-05-10,0.011519144034462966
2023-05-11,0.002149415375315754
2023-05-12,0.0050219434507122514
2023-05-15,0.025998682281748654
2023-05-16,-0.010843786414388124
2023-05-17,0.014733858650167526
2023-05-18,-0.0004887204598434552
2023-05-19,-0.006448272986923742
2023-05-22,0.021215506434466527
2023-05-23,-0.01975400083607324
2023-05-24,-0.011580877456469053
2023-05-25,-0.022012083518813622
2023-05-26,0.031681851196340906
2023-05-30,0.0029663941535802065
2023-05-31,0.0015082492224038585
2023-06-01,0.01310289836372454
2023-06-02,0.016901079665739303
2023-06-05,-0.0023534817000239678
2023-06-06,0.012030101076331774
2023-06-07,0.004578153966430265
2023-06-08,0.0022234146506568703
2023-06-09,-0.01084304367881554
2023-06-12,0.012737062196034434
2023-06-13,0.0053431713438402495
2023-06-14,-0.008232757499305014
2023-06-15,-0.0027059775813008755
2023-06-16,-0.01086965038405662
2023-06-20,0.007059790694378836
2023-06-21,-0.009663204425236748
2023-06-22,-0.005925620617735192
2023-06-23,-0.025075925996360354
2023-06-26,-0.0024355613440147205
2023-06-27,0.007867870101119907
2023-06-28,0.006342117970225764
2023-06-29,0.005020697628768639
2023-06-30,0.013526347826341186
2023-07-03,-0.0035567639183736116
2023-07-05,-0.014485968099593096
2023-07-06,-0.020801293364071643
2023-07-07,0.01452705789001479
2023-07-10,0.030724381892943218
2023-07-11,-0.0056224230562575426
2023-07-12,0.0081381246993424
2023-07-13,0.013260746280958293
2023-07-14,0.006504119899397183
2023-07-17,0.03190886685095397
2023-07-18,-0.0008880127301846264
2023-07-19,-0.0037659181786208642
2023-07-20,-0.020540597011400128
2023-07-21,-1.053053113548902e-05
2023-07-24,-0.006143737818373683
2023-07-25,0.013646796513120693
2023-07-26,0.0026129723304378107
2023-07-27,-0.00540431140128717
2023-07-28,0.025177587087825526
2023-07-31,0.015231373578592429
2023-08-01,0.011117075209023566
2023-08-02,-0.02450756179530056
2023-08-03,-0.016477518095756236
2023-08-04,0.01056293015570774
2023-08-07,-0.0001481110539888592
2023-08-08,-0.0005378630897367033
2023-08-09,-0.006083338843204436
2023-08-10,0.0026306827397067816
2023-08-11,-0.012608770123790825
2023-08-14,0.022358156883744824
2023-08-15,-0.014704793945794676
2023-08-16,-0.021321638828042656
2023-08-17,-0.0443741400058076
2023-08-18,0.013916103901191523
2023-08-21,0.01617362994937892
2023-08-22,-0.0035773107036869553
2023-08-23,0.02683924389174947
2023-08-24,-0.029245336047580783
2023-08-25,0.0018366395968428424
2023-08-28,0.017406091258354035
2023-08-29,0.03028849456203554
2023-08-30,0.005844403548342134
2023-08-31,-7.177699471602825e-05
2023-09-01,0.0010642936461769375
2023-09-05,-0.027172654525337205
2023-09-06,-8.217907392870337e-05
2023-09-07,-0.020185660033723622
2023-09-08,-0.006417149100975212
2023-09-11,0.004379355018115034
2023-09-12,-0.019440170113369102
2023-09-13,-0.023281249310068853
2023-09-14,0.01452686840966729
2023-09-15,-0.019557733796028702
2023-09-18,-0.006295813557042327
2023-09-19,-0.0014542738478872995
2023-09-20,-0.014805507204135777
2023-09-21,-0.03324449109617367
2023-09-22,0.008550598817197145
2023-09-25,-0.002208479927925433
2023-09-26,-0.00646390208256821
2023-09-27,0.021697317341418523
2023-09-28,0.00848354793037187
2023-09-29,-0.004575793747801735
2023-10-02,-0.006149720770517023
2023-10-03,-0.03302540743344568
2023-10-04,0.0038479172726309766
2023-10-05,-0.004968053400243342
2023-10-06,0.01692211547441316
2023-10-09,-0.011813899679566227
2023-10-10,0.025952041532618875
2023-10-11,-0.003380193240290921
2023-10-12,-0.03260673723349894
2023-10-13,-0.012301902516033714
2023-10-16,0.011836268661020905
2023-10-17,0.009051542810697538
2023-10-18,-0.017827570272447517
2023-10-19,-0.02166959735387562
2023-10-20,-0.01617450943763111
2023-10-23,0.0010637200296761233
2023-10-24,0.033615053433149564
2023-10-25,-0.03895610805321047
2023-10-26,0.005516081036739279
2023-10-27,-0.007937923432419875
2023-10-30,0.006887275952353043
2023-10-31,0.016377628775867514
2023-11-01,0.007278171080528483
2023-11-02,0.044847829977211935
2023-11-03,0.03792691481970677
2023-11-06,-0.005464700587028366
2023-11-07,0.01624412686217609
2023-11-08,-0.00752722602703419
2023-11-09,-0.02547535316466441
2023-11-10,0.010318628921521737
2023-11-13,0.013130233300022623
2023-11-14,0.053402594636564986
2023-11-15,-0.02584385653786253
2023-11-16,-0.008918808509910217
2023-11-17,0.011112778894440165
2023-11-20,0.014903305707197619
2023-11-21,-0.01646910952297794
2023-11-22,0.005534212040982784
2023-11-24,0.008480464665409571
2023-11-27,0.0022211418830197756
2023-11-28,-0.007057335111440116
2023-11-29,0.010849828781985892
2023-11-30,-0.009651555118723102
2023-12-01,0.041782362829571436
2023-12-04,0.011556135556369682
2023-12-05,-0.0014031754493333622
2023-12-06,-0.0030317030013215576
2023-12-07,0.004214770923103668
2023-12-08,0.016945693336431453
2023-12-11,0.004504848878248036
2023-12-12,0.01151422142999435
2023-12-13,0.047754908078702404
2023-12-14,0.017398158446925018
2023-12-15,-0.005162053248787813
2023-12-18,0.007267318587600587
2023-12-19,0.02300538000955893
2023-12-20,-0.03695866243394093
2023-12-21,0.02371575555634437
2023-12-22,0.016891293942311238
2023-12-26,0.022537993422877056
2023-12-27,0.009847832986860806
2023-12-28,-0.007934069928466757
2023-12-29,-0.02719868321732329
2024-01-02,-0.011827342335271274
2024-01-03,-0.023654843380277416
2024-01-04,0.006442434725806363
2024-01-05,-0.0012756208890108132
2024-01-08,0.036064933320301105
2024-01-09,0.005264276972126715
2024-01-10,0.0026082423637581714
2024-01-11,-0.01971857852155413
2024-01-12,-0.007232954400005726
2024-01-16,-0.011661569842461136
2024-01-17,-0.006277310829914881
2024-01-18,0.0010245558393703392
2024-01-19,0.014797533386776349
2024-01-22,0.022762531735189877
2024-01-23,-0.004830371968176412
2024-01-24,-0.012698734890920068
2024-01-25,0.01985451677306801
2024-01-26,0.012308334967249222
2024-01-29,0.03277135886131944
2024-01-30,-0.020852585088574817
2024-01-31,-0.03351297492579052
2024-02-01,0.010806067705578157
2024-02-02,0.001222549975955509
2024-02-05,-0.012471018572767974
2024-02-06,0.003743002775052684
2024-02-07,-0.004991420763412581
2024-02-08,0.019653425783996425
2024-02-09,0.03005331407111356
2024-02-12,0.021956375247361437
2024-02-13,-0.04496659193512331
2024-02-14,0.0368934454110388
2024-02-15,0.011771442991703199
2024-02-16,-0.013706462798199284
2024-02-20,-0.03732836199485976
2024-02-21,-0.011222284474884752
2024-02-22,0.005099166218903149
2024-02-23,-0.014894901150901077
2024-02-26,0.036457694048428364
2024-02-27,0.01026210936864016
2024-02-28,-0.005267198792868563
2024-02-29,0.014927937627262765
2024-03-01,0.010317362389433735
2024-03-04,-0.015027351745404186
2024-03-05,-0.02175493221724908
2024-03-06,-0.0010476484721930746
2024-03-07,0.01286088922597091
2024-03-08,-0.012615654375632031
2024-03-11,-0.02154643935017675
2024-03-12,0.0030647118520071414
2024-03-13,-0.003166210940902428
2024-03-14,-0.026228004537207503
2024-03-15,0.015235568600713395
2024-03-18,0.01632948518616629
2024-03-19,0.008083950613686155
2024-03-20,0.029803886357810425
2024-03-21,0.014640695382636704
2024-03-22,0.02262004728271015
2024-03-25,-0.013971683839032096
2024-03-26,-0.00521955579718477
2024-03-27,0.023252162035926643
2024-03-28,-0.0052238754568421
2024-04-01,-0.004218125098864425
2024-04-02,-0.021673479634346408
2024-04-03,0.02682021069560507
2024-04-04,-0.018661645629618324
2024-04-05,0.011947872170829398
2024-04-08,-0.004198972592388426
2024-04-09,-0.012045784912743827
2024-04-10,-0.02045875155763364
2024-04-11,0.020147528464136207
2024-04-12,-0.03625199130440309
2024-04-15,-0.02731650951999106
2024-04-16,0.008966801883828316
2024-04-17,-0.009126453380036953
2024-04-18,-0.005362772395770841
2024-04-19,-0.008461844107751469
2024-04-22,0.012882521533017367
2024-04-23,0.032769163775558066
2024-04-24,-0.008118623102869545
2024-04-25,-0.007511388413554419
2024-04-26,0.01668613120751123
2024-04-29,-0.008225945714504062
2024-04-30,-0.003210604999431291
2024-05-01,-0.007129660103370414
2024-05-02,0.01280918173679393
2024-05-03,0.01965697503136535
2024-05-06,0.010011056686165993
2024-05-07,-0.010678749989498115
2024-05-08,-0.01584841346887133
2024-05-09,0.02460583154094835
2024-05-10,-0.00925289589417499
2024-05-13,0.0015122620063446272
2024-05-14,0.017986636134711038
2024-05-15,0.02195158915493399
2024-05-16,-0.0032743241227605894
2024-05-17,-0.009108465040092032
2024-05-20,0.007708774263016292
2024-05-21,-0.01210158525779494
2024-05-22,0.0011839412223915158
2024-05-23,-0.02228085357406573
2024-05-24,0.012081172242387198
2024-05-28,-0.007570372666271589
2024-05-29,-0.011430195171640182
2024-05-30,0.0037769419543874434
2024-05-31,-0.00585509498017809
2024-06-03,-0.017340626003455154
2024-06-04,-0.016154132543559973
2024-06-05,0.028104042967316622
2024-06-06,-0.01808745807360835
2024-06-07,-0.01200519107522576
2024-06-10,0.010675716582756536
2024-06-11,-0.003685079769964768
2024-06-12,0.022789763866276257
2024-06-13,-0.005464038068665086
2024-06-14,-0.025175980486775343
2024-06-17,-0.012355891929918256
2024-06-18,-0.012253078459120416
2024-06-20,-0.017197673470519124
2024-06-21,0.0064175840150845435
2024-06-24,0.001783787948400885
2024-06-25,-0.0015373930124688608
2024-06-26,-0.010409399024876635
2024-06-27,0.0141787864923076
2024-06-28,0.020989329908997788
2024-07-01,0.002574164462195973
2024-07-02,-0.026617082580804582
2024-07-03,0.013337642030569835
2024-07-05,-0.00017337758631235083
2024-07-08,0.017941069063877782
2024-07-09,0.0002750424217575374
2024-07-10,0.01474007573298326
2024-07-11,0.03176117337512807
2024-07-12,0.008285596017942556
2024-07-15,-0.008818432430444393
2024-07-16,0.037905048775948205
2024-07-17,-0.04706566680203025
2024-07-18,-0.05610001529857109
2024-07-19,-0.02254606473503882
2024-07-22,0.04123295138792449
2024-07-23,0.014730826227158707
2024-07-24,-0.049464037768689295
2024-07-25,-0.005665328883425226
2024-07-26,0.014641381337374627
2024-07-29,-0.011805485136809853
2024-07-30,-0.02388621838191754
2024-07-31,0.03720234615167869
2024-08-01,-0.03722296357141586
2024-08-02,-0.038309262182960706
2024-08-05,-0.028223648970593977
2024-08-06,0.027781814745741602
2024-08-07,-0.010743790755754068
2024-08-08,0.060479551644857577
2024-08-09,0.0009603638346515186
2024-08-12,0.008235100125375993
2024-08-13,0.02369763142855623
2024-08-14,-0.001191728696713108
2024-08-15,0.029748216642962948
2024-08-16,-0.00016714368766717952
2024-08-19,0.012915611918930928
2024-08-20,-0.015949928202137344
2024-08-21,0.009376763989204461
2024-08-22,-0.018247978853453334
2024-08-23,0.028868440790400178
2024-08-26,-0.009988270249425057
2024-08-27,-0.011676712440121651
2024-08-28,-0.020857323756300842
2024-08-29,0.0048007337283007745
2024-08-30,0.009973174037487655
2024-09-03,-0.032658871415702145
2024-09-04,-0.0011080195574452393
2024-09-05,0.0002392035823000952
2024-09-06,-0.028663677078201943
2024-09-09,0.023670875257978084
2024-09-10,0.01672905101906982
2024-09-11,0.003139096194394054
2024-09-12,0.02152772762745157
2024-09-13,0.031417754418783014
2024-09-16,-0.00396586695262581
2024-09-17,0.002615542535848214
2024-09-18,-0.0055001720546316605
2024-09-19,0.021781528928761527
2024-09-20,-0.0017904226693836417
2024-09-23,-0.016130380612696588
2024-09-24,-0.003223342530669178
2024-09-25,-0.014323348101863882
2024-09-26,0.005102507637750952
2024-09-27,-0.0014116840576644484
2024-09-30,0.004179755339226312
2024-10-01,-0.006818409198263083
2024-10-02,-0.00041487017005647185
2024-10-03,-0.015000434724238683
2024-10-04,0.02352343755432774
2024-10-07,-0.021141953073158866
2024-10-08,0.0013291975425544548
2024-10-09,-0.0026256253624644633
2024-10-10,-0.009339989795690977
2024-10-11,0.03431959559064355
2024-10-14,0.010069849073603912
2024-10-15,-0.0014780690769060486
2024-10-16,0.02410103825172048
2024-10-17,-0.018082246618750217
2024-10-18,-0.0023070554315796263
2024-10-21,-0.013553110581779952
2024-10-22,0.0039992491899423005
2024-10-23,-0.016290263775892485
2024-10-24,-0.005885982453528947
2024-10-25,0.008221745116024679
2024-10-28,0.014871100710832473
2024-10-29,0.0025876525774428142
2024-10-30,-0.028251057016725464
2024-10-31,-0.023165615224562574
2024-11-01,0.008697899098091565
2024-11-04,0.01539319728186795
2024-11-05,0.018951199658462585
2024-11-06,0.014643536569082592
2024-11-07,0.0005068708026822796
2024-11-08,0.025175318838721164
2024-11-11,0.008321537114960437
2024-11-12,-0.024963164358580592
2024-11-13,-0.018585015824726943
2024-11-14,-0.04296704561826878
2024-11-15,-0.031183278198403403
2024-11-18,-0.007115634761453867
2024-11-19,0.018085531135535935
2024-11-20,0.009199976828260573
2024-11-21,0.017327373205004735
2024-11-22,0.026239793131607164
2024-11-25,0.021954059185016844
2024-11-26,0.0015945577688578263
2024-11-27,0.008555346675820183
2024-11-29,0.0049688006409195256
2024-12-02,-0.003925597936666353
2024-12-03,-0.018804648546945555
2024-12-04,0.018662791177430738
2024-12-05,-0.02176318998180768
2024-12-06,0.0419046312971203
2024-12-09,-0.024702262947248258
2024-12-10,-0.00740386220775581
2024-12-11,-0.01469214122208834
2024-12-12,-0.03776235950157328
2024-12-13,-0.002636099448028437
2024-12-16,0.013297909714504983
2024-12-17,-0.00041326652360948587
2024-12-18,-0.057526769726602645
2024-12-19,0.0038293437150663297
2024-12-20,0.011023921231918497
2024-12-23,-0.002613893443143333
2024-12-24,0.0002012406628995084
2024-12-26,0.016827358629309785
2024-12-27,-0.023094008809874868
2024-12-30,-0.016342939641153638
2024-12-31,0.0004912977563947284
2025-01-02,-0.002224572977364763
2025-01-03,0.02538429052637005
2025-01-06,-0.001708588438518168
2025-01-07,-0.00779889308907861
2025-01-08,0.0001943505778839728
2025-01-10,-0.0158904136554223
2025-01-13,-0.0048111128222389655
2025-01-14,-0.0011499001817232954
2025-01-15,0.024844973969081148
2025-01-16,0.0009553022452120574
2025-01-17,0.006155129050880145
2025-01-21,0.02476933788223721
2025-01-22,0.009095298608832743
2025-01-23,-0.0005553690809385432
2025-01-24,-0.013414000492686071
2025-01-27,-0.042110707440660575
2025-01-28,0.011499636354895152
2025-01-29,0.001992548061365098
2025-01-30,0.01614916929317215
2025-01-31,-0.007176073696557355
2025-02-03,0.011315741873183365
2025-02-04,0.01440159822530923
2025-02-05,0.03742464842298858
2025-02-06,0.01637299449471617
2025-02-07,-0.017542894969485592
2025-02-10,0.01167759801350299
2025-02-11,-0.022235323319125352
2025-02-12,-0.02295389030971439
2025-02-13,0.030794110154910452
2025-02-14,-9.48801761623836e-05
2025-02-18,0.003151874764770768
2025-02-19,-0.011168842420795924
2025-02-20,-0.016454042033407126
2025-02-21,-0.04105833580974562
2025-02-24,-0.02512314284188464
2025-02-25,-0.016421637116312362
2025-02-26,0.03313936110868298
2025-02-27,-0.04190906602239429
2025-02-28,0.008809963799561615
2025-03-03,-0.04487857779247198
2025-03-04,-0.0016737738526969273
2025-03-05,0.0052468760535811405
2025-03-06,-0.0334049562443251
2025-03-07,-0.0017274858773954314
2025-03-10,-0.04951469668280528
2025-03-11,0.025218708551315715
2025-03-12,0.0186362250348604
2025-03-13,-0.029964998933763982
2025-03-14,0.04877956672169509
2025-03-17,0.014260197700745873
2025-03-18,-0.021318771758681784
2025-03-19,0.02463646881151394
2025-03-20,-0.0019011167232891911
2025-03-21,0.004237732288892056
2025-03-24,0.028799387571395448
2025-03-25,-0.0037373812171934123
2025-03-26,-0.024166479620101208
2025-03-27,-0.005652934612668871
2025-03-28,-0.031088305413664634
2025-03-31,-0.018758824067335096
2025-04-01,0.0023445977741646373
2025-04-02,0.024758580572810655
2025-04-03,-0.08123547466318834
2025-04-04,-0.043346166301345176
2025-04-07,0.015166169893174186
2025-04-08,-0.03289079536538378
2025-04-09,0.09504278348461488
2025-04-10,-0.04658818592275707
2025-04-11,0.024318584158738804
2025-04-14,0.023352321951305897
2025-04-15,0.0035101632526213056
2025-04-16,-0.019511661694354684
2025-04-17,0.017933623033649267
2025-04-21,-0.01891113051676031
2025-04-22,0.03668964036056932
2025-04-23,0.02062991971533794
2025-04-24,0.029722257003526584
2025-04-25,0.005707277585300842
2025-04-28,0.014467024971966192
2025-04-29,0.002083419967050722
2025-04-30,-0.004398529766972371
2025-05-01,-0.00495888724578704
2025-05-02,0.030187400347121092
2025-05-05,0.0067128135705166935
2025-05-06,-0.017486961839143316
2025-05-07,0.02259964582703041
2025-05-08,-0.006877178744082441
2025-05-09,-0.005220375611910874
2025-05-12,0.023237101621062118
2025-05-13,0.0037090549544016712
2025-05-14,-0.0007051257238800672
2025-05-15,0.009957736868234153
2025-05-16,0.016372125996868388
2025-05-19,0.002025022717441166
2025-05-20,-0.004123153326442077
2025-05-21,-0.016905905817705152
2025-05-22,-0.003473831632097144
2025-05-23,0.002802547584382884
2025-05-27,0.016240882770186715
2025-05-28,-0.0044553253230201805
2025-05-29,0.0016854801547484441
2025-05-30,0.0004535902311175112
2025-06-02,0.007898642195657776
2025-06-03,0.017009955586572378
2025-06-04,0.0016826768283330876
2025-06-05,-0.0007453673232733315
2025-06-06,0.017040866178865237
2025-06-09,0.0006072681501670379
2025-06-10,0.002941318680199209
2025-06-11,-0.0061026549952694605
2025-06-12,-0.001025548795481623
2025-06-13,-0.01595300831975242
2025-06-16,0.007959070860313893
2025-06-17,-0.01569945286638045
2025-06-18,0.0005144973147240209
2025-06-20,-0.0007231810967356189
2025-06-23,0.012000713576462365
2025-06-24,0.014979592209697907
2025-06-25,-0.004010724951728956
2025-06-26,0.012102443402084774
2025-06-27,-0.006746683307954928
2025-06-30,0.0031853496431821465
2025-07-01,-0.010059443318173926
2025-07-02,0.012415104369314646
2025-07-03,0.013387565513742308
2025-07-07,-0.009668156737481922
2025-07-08,-0.0021106426954443378
2025-07-09,0.024530139688098862
2025-07-10,-0.00015675960113601924
2025-07-11,-0.01094282302838212
2025-07-14,0.017646111739100134
2025-07-15,-0.01935788848262489
2025-07-16,0.008049378177437783
2025-07-17,0.009770504160522515
2025-07-18,-0.015698065052322872
2025-07-21,0.005582364491801691
2025-07-22,0.0008836708550105142
2025-07-23,0.028025121683431728
2025-07-24,-0.01874847658982494
2025-07-25,0.00483269896047875
2025-07-28,-0.009573561139592233
2025-07-29,-0.010745672348467373
2025-07-30,0.003874824999806284
2025-07-31,0.00364753798911563
2025-08-01,-0.005673509298865272
2025-08-04,0.024117466602391648
2025-08-05,0.0006299858041528411
2025-08-06,-0.009347457024875338
2025-08-07,-0.01492903400428378
2025-08-08,-0.019377381164103674
2025-08-11,-0.002384461931205153
2025-08-12,0.02204215115176974
2025-08-13,0.010400393019712238
2025-08-14,-0.020896181436751707
2025-08-15,0.003914178727686899
2025-08-18,0.005495694601571555
2025-08-19,-0.021786346046126403
2025-08-20,-0.001637219372292069
2025-08-21,0.009457013134047152
2025-08-22,0.028125321118377105
2025-08-25,-0.01567270910372573
2025-08-26,0.011043614321959536
2025-08-27,-0.0004271165867798612
2025-08-28,0.01365832411467026
2025-08-29,-0.012860213078952538
2025-09-02,0.007897473668146006
2025-09-03,-0.005342186756337486
2025-09-04,0.005393784217611395
2025-09-05,0.0074880285181180865
2025-09-08,0.0076399958852910125
2025-09-09,-0.0025407169011219515
2025-09-10,0.002013610708442911
2025-09-11,0.023930386021045344
2025-09-12,-0.013594978343508639
2025-09-15,0.008663075675154924
2025-09-16,-0.008469043012021657
2025-09-17,-0.0009064961159171994
2025-09-18,0.02862725901286311
2025-09-19,-0.014629143697830397
2025-09-22,0.01321573289989102
2025-09-23,-0.0036619578563470427
2025-09-24,-0.02489934338781285
2025-09-25,-0.006030329411877366
2025-09-26,0.0023471164773911026
2025-09-29,0.003743444360912682
2025-09-30,0.010305750796520487
2025-10-01,0.013701286945730869
2025-10-02,0.004041400388831518
2025-10-03,0.0092130848476112
2025-10-06,0.016103486699585116
2025-10-07,-0.013897074699877002
2025-10-08,0.016932351010921488
2025-10-09,-0.006896642653349022
2025-10-10,-0.03498234953929392
2025-10-13,0.02438940560564688
2025-10-14,0.008202544048978778
2025-10-15,0.030772967253535698
2025-10-16,-0.010169165717437624
2025-10-17,-0.01224275003272385
2025-10-20,0.02960190159125052
2025-10-21,-0.003609520237856008
2025-10-22,-0.022727774901468545
2025-10-23,0.015405363948583215
2025-10-24,0.013921896629253656
2025-10-27,0.01779852675025043
2025-10-28,0.006897992933506276
2025-10-29,-0.01633285855254363
2025-10-30,-0.009560397816571956
2025-10-31,0.014686350196952046
2025-11-03,-0.014009425810701095
2025-11-04,-0.03423046949123496
2025-11-05,0.013956400326092072
2025-11-06,-0.05303679788283175
2025-11-07,-0.00830269152568034
2025-11-10,0.006111177072427823
2025-11-11,-0.0008826685447972608
2025-11-12,-0.00068329601000047
2025-11-13,-0.04143071792196899
2025-11-14,-0.0026947895015560974
2025-11-17,-0.027407275229543605
2025-11-18,0.005263108778818023
2025-11-19,0.0012658125343164564
2025-11-20,-0.036740004152856595
2025-11-21,0.035794724665230065
2025-11-24,0.04178316076381099
2025-11-25,0.015314011421817732
2025-11-26,0.02636180037737527
2025-11-28,0.010269137988746103
2025-12-01,0.003787724875868875
2025-12-02,0.013748497806112345
2025-12-03,0.006463427424306445
2025-12-04,0.011453815194979674
2025-12-05,-0.012360181461010925
2025-12-08,0.009906569789172832
2025-12-09,0.011514432338673442
2025-12-10,0.013511112904546546
2025-12-11,0.012227937227063258
2025-12-12,-0.030172471934646988
2025-12-15,-0.013236812732684218
2025-12-16,-0.008562574914326835
2025-12-17,-0.025770749195550745
2025-12-18,0.023732115582891275
2025-12-19,0.024416108640071876
2025-12-22,0.02138928953403133
2025-12-23,-0.004297132371870194
2025-12-24,0.00291818404798502
2025-12-26,-0.004034000218145458
2025-12-29,-0.015742932461587054
2025-12-30,-0.001145847790681942
2025-12-31,-0.00576920676268545
2026-01-02,-0.006480421448548337
2026-01-05,0.0121870774640469
2026-01-06,0.028710856498326727
2026-01-07,0.009745213602465528
2026-01-08,0.008453903340093357
2026-01-09,0.009760728778955983
2026-01-12,0.006807893940191399
2026-01-13,-0.006702299463317801
2026-01-14,0.008220264645378113
2026-01-15,0.00898409034940383
2026-01-16,-0.004932295576665276
2026-01-20,0.004856992218597261
2026-01-21,0.008352454734158096
2026-01-22,0.011038711254282208
2026-01-23,-0.009181649550092215
2026-01-26,0.010527361412571615
2026-01-27,0.006150287498447904
2026-01-28,-0.0034617825390004017
2026-01-29,-0.00549319838870853
2026-01-30,-0.027555198035564263
2026-02-02,0.026744700569837285
2026-02-03,0.004450484813565128
2026-02-04,-0.031506172209240235
2026-02-05,-0.03993319737131521
2026-02-06,0.05292853198445306
2026-02-09,0.0250700272220635
2026-02-10,-0.0015114692675826762
2026-02-11,0.004328256017067179
2026-02-12,-0.03073407807138004
2026-02-13,0.007864782588508229
2026-02-17,-0.003060643932829388
2026-02-18,0.0067975317293197165
2026-02-19,0.01219131422083207
2026-02-20,0.01686694641317931
2026-02-23,0.005483314616599766
2026-02-24,0.02964247406256436
2026-02-25,0.001685474890993111
2026-02-26,-1.7700089689500886e-05
2026-02-27,-0.007914604574664466
2026-03-02,0.006609072443667482
2026-03-03,-0.03238267105958796
2026-03-04,0.0234133916569299
2026-03-05,-0.02953410370694295
2026-03-06,-0.03528287666425729
2026-03-09,0.030803094786081633
2026-03-10,0.02222529357296825
2026-03-11,-0.0021168930337510396
2026-03-12,-0.04499845237971005
2026-03-13,-0.007543836699914412
2026-03-16,0.017201973591182113
2026-03-17,0.006580632783767718
2026-03-18,-0.015501755694034482
2026-03-19,0.002171125816030151
2026-03-20,-0.036495361987005835
2026-03-23,0.033047023534048564
2026-03-24,0.01661797583101926
2026-03-25,0.020258271225144946
2026-03-26,-0.042207276018716454
2026-03-27,-0.019159420800863605
2026-03-30,-0.021709271221602412
2026-03-31,0.05810406392109663
2026-04-01,-0.006798051528159486
2026-04-02,0.007974806135769622
2026-04-06,0.0030053299540126113
2026-04-07,0.010632113702230987
2026-04-08,0.05797584734696439
2026-04-09,0.016578738236794344
2026-04-10,0.0011354935019439075
2026-04-13,0.014490084757801024
2026-04-14,0.014865348986006933
2026-04-15,0.0005470469554578108
2026-04-16,0.016529415049731003
2026-04-17,0.01854160970023738
2026-04-20,-0.011589087362769352
2026-04-21,-0.01640719624616621
2026-04-22,0.01527183738944355
2026-04-23,-0.01993241944938397
2026-04-24,0.027526094509183426
2026-04-27,-0.011887289210635225
2026-04-28,-0.028626774572963084
2026-04-29,-0.006442223368179985
2026-04-30,0.03909054152815579
2026-05-01,0.023595547445684747
2026-05-04,0.007415121662319021
2026-05-05,0.0189429020951961
2026-05-06,0.024494781066667116
2026-05-07,-0.02056334064221553
2026-05-08,0.005577182832117366
2026-05-11,0.02224080358942353
2026-05-12,-0.018286520849334936
2026-05-13,0.0018860767435522605
2026-05-14,-0.008202918852201226
2026-05-15,-0.02694387269750917
2026-05-18,-0.03325472427093391
2026-05-19,-0.004325117778292956
2026-05-20,0.023168662835920777
2026-05-21,0.023227080083168157
2026-05-22,0.029290299987071312
2026-05-26,0.029700653148370264
2026-05-27,-0.010836837170452576
2026-05-28,0.0038409416427528727
2026-05-29,-0.01824644902786467
2026-06-01,0.014940930973979843
2026-06-02,0.025937948510767785
2026-06-03,-0.008586394877362478
2026-06-04,0.0069230318071422
2026-06-05,-0.0713579754589946
2026-06-08,0.027846339177231248
2026-06-09,-0.014250634619424602
2026-06-10,-0.015970038116473684
2026-06-11,0.04756602305960854
2026-06-12,0.02533830959239284
2026-06-15,0.01881908212942241
2026-06-16,-0.035285747841826365
2026-06-17,0.006184716194711201
2026-06-18,0.008730588512802603
2026-06-22,0.017893801507303683
2026-06-23,-0.03698552956295477
2026-06-24,-0.016239721895627213
2026-06-25,0.015941971892746896
2026-06-26,-9.643619207980961e-05
2026-06-29,0.026395058494762185
2026-06-30,0.01777320929456551
2026-07-01,-0.013716608023361776
2026-07-02,-0.044874787961604115
2026-07-06,0.015251320507269614
2026-07-07,-0.022656821420997
2026-07-08,-0.0005952942675751718
2026-07-09,0.026370911855674056
2026-07-10,-0.01995017278028436
2026-07-13,-0.02748987612427752
2026-07-14,0.020599683214941582
2026-07-15,-0.026995347376880738
2026-07-16,-0.04367273889217741
2026-07-17,0.0066784376615405625
2026-07-20,-0.012611104128852085
2026-07-21,0.0553422065466425
2026-07-22,-0.0006054685781894617
2026-07-23,-0.013317334376303206
2026-07-24,-0.02656851451360049
2026-07-27,-0.008811977965184622
2026-07-28,-0.045298361546580054
2026-07-29,-0.05149803990502359
2026-07-30,0.0736726342965305
2026-07-31,0.010463694757836968
2026-08-03,0.047612088764551905
2026-08-04,0.05209758843138641
2026-08-05,-0.01224760926933718
2026-08-06,-0.00511488178449182
2026-08-07,0.02730905688000238
2026-08-10,-0.01633247071705552
2026-08-11,-0.0008382575388706046
