symbol,latest_bar_session,freshness_state,eligibility_state,return_12_1,csm_rank,csm_candidate,tsm001_state,tsm_approved,target_weight
A,2026-08-24,FRESH,ELIGIBLE,0.19237390256498532,0.5483870967741935,False,POSITIVE,True,0.0
AA,2026-08-24,FRESH,ELIGIBLE,0.5078551912568305,0.7661290322580645,False,POSITIVE,True,0.0
AAL,2026-08-24,FRESH,ELIGIBLE,0.15155131264916455,0.5040322580645161,False,POSITIVE,True,0.0
AAMI,2026-08-24,FRESH,ELIGIBLE,0.7188430455125476,0.8387096774193549,False,POSITIVE,True,0.0
AAOI,2026-08-24,FRESH,ELIGIBLE,3.2263513513513518,0.9879032258064516,True,POSITIVE,True,0.04
AAON,2026-08-24,FRESH,ELIGIBLE,0.2714640198511167,0.5967741935483871,False,POSITIVE,True,0.0
AAP,2026-08-24,FRESH,ELIGIBLE,0.023477622890682115,0.39919354838709675,False,POSITIVE,True,0.0
AAPL,2026-08-24,FRESH,ELIGIBLE,0.48507162940152626,0.75,False,POSITIVE,True,0.0
AB,2026-08-24,FRESH,ELIGIBLE,0.0030378348522508425,0.3629032258064516,False,POSITIVE,True,0.0
ABBV,2026-08-24,FRESH,ELIGIBLE,0.275383707201889,0.6008064516129032,False,POSITIVE,True,0.0
ABCB,2026-08-24,FRESH,ELIGIBLE,0.2798889213680209,0.6048387096774194,False,POSITIVE,True,0.0
ABCL,2026-08-24,FRESH,ELIGIBLE,0.23228803716608604,0.5766129032258065,False,POSITIVE,True,0.0
ABEV,2026-08-24,FRESH,ELIGIBLE,0.4638236703402012,0.7379032258064516,False,POSITIVE,True,0.0
ABG,2026-08-24,FRESH,ELIGIBLE,-0.06355685131195332,0.3024193548387097,False,NEGATIVE,False,0.0
ABM,2026-08-24,FRESH,ELIGIBLE,0.023380523380523544,0.3951612903225806,False,POSITIVE,True,0.0
ABNB,2026-08-24,FRESH,ELIGIBLE,0.11553973902728343,0.4637096774193548,False,POSITIVE,True,0.0
ABT,2026-08-24,FRESH,ELIGIBLE,-0.2011930585683298,0.18951612903225806,False,NEGATIVE,False,0.0
ABUS,2026-08-24,FRESH,ELIGIBLE,0.22486033519553073,0.5645161290322581,False,POSITIVE,True,0.0
ACA,2026-08-24,FRESH,ELIGIBLE,0.5256234873197936,0.7741935483870968,False,POSITIVE,True,0.0
ACAD,2026-08-24,FRESH,ELIGIBLE,0.0018152480839048746,0.3588709677419355,False,POSITIVE,True,0.0
ACB,2026-08-24,FRESH,ELIGIBLE,-0.44154488517745305,0.0846774193548387,False,NEGATIVE,False,0.0
ACCO,2026-08-24,FRESH,ELIGIBLE,0.11507936507936511,0.4596774193548387,False,POSITIVE,True,0.0
ACEL,2026-08-24,FRESH,ELIGIBLE,0.0623066725585506,0.41935483870967744,False,POSITIVE,True,0.0
ACGL,2026-08-24,FRESH,ELIGIBLE,0.10525471748543325,0.45161290322580644,False,POSITIVE,True,0.0
ACH,2026-08-24,FRESH,ELIGIBLE,-0.3831041257367387,0.11693548387096774,False,NEGATIVE,False,0.0
ACHC,2026-08-24,FRESH,ELIGIBLE,0.6111630079402148,0.8104838709677419,False,POSITIVE,True,0.0
ACHR,2026-08-24,FRESH,ELIGIBLE,-0.4914712153518125,0.06451612903225806,False,NEGATIVE,False,0.0
ACI,2026-08-24,FRESH,ELIGIBLE,-0.4088471849865951,0.10080645161290322,False,NEGATIVE,False,0.0
ACIW,2026-08-24,FRESH,ELIGIBLE,0.1754257653327762,0.5201612903225806,False,POSITIVE,True,0.0
ACLS,2026-08-24,FRESH,ELIGIBLE,0.7062945973496431,0.8346774193548387,False,POSITIVE,True,0.0
ACM,2026-08-24,FRESH,ELIGIBLE,-0.4113353907748769,0.0967741935483871,False,NEGATIVE,False,0.0
ACMR,2026-08-24,FRESH,ELIGIBLE,2.28950448692938,0.9717741935483871,True,POSITIVE,True,0.04
ACN,2026-08-24,FRESH,ELIGIBLE,-0.40652998627814996,0.10887096774193548,False,NEGATIVE,False,0.0
ACRE,2026-08-24,FRESH,ELIGIBLE,0.18335500650195047,0.532258064516129,False,POSITIVE,True,0.0
ACRS,2026-08-24,FRESH,ELIGIBLE,1.9715909090909092,0.9596774193548387,True,POSITIVE,True,0.04
ACTG,2026-08-24,FRESH,ELIGIBLE,0.43251533742331305,0.7217741935483871,False,POSITIVE,True,0.0
ADBE,2026-08-24,FRESH,ELIGIBLE,-0.362800045289855,0.13709677419354838,False,NEGATIVE,False,0.0
ADC,2026-08-24,FRESH,ELIGIBLE,0.13262861169837903,0.47580645161290325,False,POSITIVE,True,0.0
ADCT,2026-08-24,FRESH,ELIGIBLE,-0.6225806451612903,0.03225806451612903,False,NEGATIVE,False,0.0
ADEA,2026-08-24,FRESH,ELIGIBLE,0.7973629424011102,0.8709677419354839,False,POSITIVE,True,0.0
ADI,2026-08-24,FRESH,ELIGIBLE,0.5268018387785258,0.7782258064516129,False,POSITIVE,True,0.0
ADM,2026-08-24,FRESH,ELIGIBLE,0.4378578646008755,0.7258064516129032,False,POSITIVE,True,0.0
ADMA,2026-08-24,FRESH,ELIGIBLE,-0.5159310143232974,0.05241935483870968,False,NEGATIVE,False,0.0
ADNT,2026-08-24,FRESH,ELIGIBLE,-0.13406873143826903,0.25806451612903225,False,NEGATIVE,False,0.0
ADP,2026-08-24,FRESH,ELIGIBLE,-0.1572083305250388,0.23790322580645162,False,NEGATIVE,False,0.0
ADPT,2026-08-24,FRESH,ELIGIBLE,0.7651485148514852,0.8588709677419355,False,POSITIVE,True,0.0
ADSK,2026-08-24,FRESH,ELIGIBLE,-0.2662446667132965,0.1693548387096774,False,NEGATIVE,False,0.0
ADT,2026-08-24,FRESH,ELIGIBLE,-0.15931314094920102,0.22983870967741934,False,NEGATIVE,False,0.0
ADTN,2026-08-24,FRESH,ELIGIBLE,0.13145809414466125,0.4717741935483871,False,POSITIVE,True,0.0
ADUS,2026-08-24,FRESH,ELIGIBLE,0.004645455342273674,0.36693548387096775,False,POSITIVE,True,0.0
ADV,2026-08-24,FRESH,ELIGIBLE,-0.11373493975903615,0.2620967741935484,False,NEGATIVE,False,0.0
AEE,2026-08-24,FRESH,ELIGIBLE,0.1529185245237128,0.5080645161290323,False,POSITIVE,True,0.0
AEG,2026-08-24,FRESH,ELIGIBLE,0.1948986265533028,0.5604838709677419,False,POSITIVE,True,0.0
AEIS,2026-08-24,FRESH,ELIGIBLE,1.0588514154137885,0.9153225806451613,True,POSITIVE,True,0.04
AEM,2026-08-24,FRESH,ELIGIBLE,0.07472072205371028,0.43548387096774194,False,POSITIVE,True,0.0
AEO,2026-08-24,FRESH,ELIGIBLE,0.4236577181208052,0.7096774193548387,False,POSITIVE,True,0.0
AEP,2026-08-24,FRESH,ELIGIBLE,0.2260298942763399,0.5685483870967742,False,POSITIVE,True,0.0
AER,2026-08-24,FRESH,ELIGIBLE,0.2876899436571625,0.6129032258064516,False,POSITIVE,True,0.0
AES,2026-08-24,FRESH,ELIGIBLE,0.18608414239482207,0.5403225806451613,False,POSITIVE,True,0.0
AFG,2026-08-24,FRESH,ELIGIBLE,0.1374148582290513,0.4838709677419355,False,POSITIVE,True,0.0
AFL,2026-08-24,FRESH,ELIGIBLE,0.18024737985081685,0.5241935483870968,False,POSITIVE,True,0.0
AFYA,2026-08-24,FRESH,ELIGIBLE,-0.027972027972028024,0.32661290322580644,False,NEGATIVE,False,0.0
AG,2026-08-24,FRESH,ELIGIBLE,0.8773020257826885,0.8870967741935484,False,POSITIVE,True,0.0
AGCO,2026-08-24,FRESH,ELIGIBLE,0.09259259259259256,0.43951612903225806,False,POSITIVE,True,0.0
AGEN,2026-08-24,FRESH,ELIGIBLE,0.3067685589519651,0.6209677419354839,False,POSITIVE,True,0.0
AGI,2026-08-24,FRESH,ELIGIBLE,0.06823104693140802,0.4314516129032258,False,POSITIVE,True,0.0
AGIO,2026-08-24,FRESH,ELIGIBLE,-0.04843565911768555,0.31451612903225806,False,NEGATIVE,False,0.0
AGNC,2026-08-24,FRESH,ELIGIBLE,0.2440532825880115,0.5806451612903226,False,POSITIVE,True,0.0
AGNT,2026-08-24,FRESH,ELIGIBLE,-0.5908765469980566,0.04032258064516129,False,NEGATIVE,False,0.0
AGO,2026-08-24,FRESH,ELIGIBLE,0.06664993096523153,0.4274193548387097,False,POSITIVE,True,0.0
AGRO,2026-08-24,FRESH,ELIGIBLE,0.27028001442134375,0.592741935483871,False,POSITIVE,True,0.0
AGYS,2026-08-24,FRESH,ELIGIBLE,-0.07302687014324494,0.29435483870967744,False,NEGATIVE,False,0.0
AHCO,2026-08-24,FRESH,ELIGIBLE,0.15343347639484972,0.5161290322580645,False,POSITIVE,True,0.0
AI,2026-08-24,FRESH,ELIGIBLE,-0.5174866627148784,0.04838709677419355,False,NEGATIVE,False,0.0
AIG,2026-08-24,FRESH,ELIGIBLE,-0.019712372923382127,0.3346774193548387,False,NEGATIVE,False,0.0
AIN,2026-08-24,FRESH,ELIGIBLE,0.23054283845650758,0.5725806451612904,False,POSITIVE,True,0.0
AIR,2026-08-24,FRESH,ELIGIBLE,0.7934706946958094,0.8629032258064516,False,POSITIVE,True,0.0
AIT,2026-08-24,FRESH,ELIGIBLE,0.3485485251770566,0.6774193548387096,False,POSITIVE,True,0.0
AIV,2026-08-24,FRESH,ELIGIBLE,-0.07387955182072825,0.2862903225806452,False,NEGATIVE,False,0.0
AIZ,2026-08-24,FRESH,ELIGIBLE,0.3080724486900597,0.6330645161290323,False,POSITIVE,True,0.0
AJG,2026-08-24,FRESH,ELIGIBLE,-0.1802258203370749,0.2056451612903226,False,NEGATIVE,False,0.0
AKAM,2026-08-24,FRESH,ELIGIBLE,0.5107428271976941,0.7701612903225806,False,POSITIVE,True,0.0
AKBA,2026-08-24,FRESH,ELIGIBLE,-0.6153846153846154,0.036290322580645164,False,NEGATIVE,False,0.0
ALB,2026-08-24,FRESH,ELIGIBLE,0.47464372833483126,0.7459677419354839,False,POSITIVE,True,0.0
ALC,2026-08-24,FRESH,ELIGIBLE,-0.13999746610921082,0.25,False,NEGATIVE,False,0.0
ALDX,2026-08-24,FRESH,ELIGIBLE,-0.7404255319148936,0.016129032258064516,False,NEGATIVE,False,0.0
ALEC,2026-08-24,FRESH,ELIGIBLE,-0.34945054945054943,0.14112903225806453,False,NEGATIVE,False,0.0
ALGM,2026-08-24,FRESH,ELIGIBLE,0.48963730569948183,0.7540322580645161,False,POSITIVE,True,0.0
ALGN,2026-08-24,FRESH,ELIGIBLE,0.18596466280351232,0.5362903225806451,False,POSITIVE,True,0.0
ALGT,2026-08-24,FRESH,ELIGIBLE,0.7512072974423181,0.8508064516129032,False,POSITIVE,True,0.0
ALIT,2026-08-24,FRESH,ELIGIBLE,-0.7423187218353133,0.012096774193548387,False,NEGATIVE,False,0.0
ALK,2026-08-24,FRESH,ELIGIBLE,-0.15919854280510026,0.23387096774193547,False,NEGATIVE,False,0.0
ALKS,2026-08-24,FRESH,ELIGIBLE,0.8185414516683867,0.8830645161290323,False,POSITIVE,True,0.0
ALL,2026-08-24,FRESH,ELIGIBLE,0.28407070906577125,0.6088709677419355,False,POSITIVE,True,0.0
ALLE,2026-08-24,FRESH,ELIGIBLE,-0.07377197752401654,0.2903225806451613,False,NEGATIVE,False,0.0
ALLO,2026-08-24,FRESH,ELIGIBLE,0.5442477876106198,0.7943548387096774,False,POSITIVE,True,0.0
ALLY,2026-08-24,FRESH,ELIGIBLE,0.1401819154628141,0.4879032258064516,False,POSITIVE,True,0.0
ALNY,2026-08-24,FRESH,ELIGIBLE,-0.4188619486828308,0.09274193548387097,False,NEGATIVE,False,0.0
ALRM,2026-08-24,FRESH,ELIGIBLE,-0.09082134082134075,0.2701612903225806,False,NEGATIVE,False,0.0
ALSN,2026-08-24,FRESH,ELIGIBLE,0.4268007483629561,0.717741935483871,False,POSITIVE,True,0.0
ALT,2026-08-24,FRESH,ELIGIBLE,-0.21702127659574477,0.1814516129032258,False,NEGATIVE,False,0.0
ALV,2026-08-24,FRESH,ELIGIBLE,0.00815100815100811,0.3790322580645161,False,POSITIVE,True,0.0
ALXO,2026-08-24,FRESH,ELIGIBLE,0.9565217391304348,0.9032258064516129,True,POSITIVE,True,0.04
AM,2026-08-24,FRESH,ELIGIBLE,0.3301831069108092,0.657258064516129,False,POSITIVE,True,0.0
AMAT,2026-08-24,FRESH,ELIGIBLE,2.373152167075549,0.9758064516129032,True,POSITIVE,True,0.04
AMBA,2026-08-24,FRESH,ELIGIBLE,0.03124526012437423,0.4032258064516129,False,POSITIVE,True,0.0
AMBP,2026-08-24,FRESH,ELIGIBLE,0.38445926355465376,0.6935483870967742,False,POSITIVE,True,0.0
AMC,2026-08-24,FRESH,ELIGIBLE,-0.20105820105820105,0.1935483870967742,False,NEGATIVE,False,0.0
AMCR,2026-08-24,FRESH,ELIGIBLE,0.09329732383992151,0.4435483870967742,False,POSITIVE,True,0.0
AMCX,2026-08-24,FRESH,ELIGIBLE,0.4251453488372092,0.7137096774193549,False,POSITIVE,True,0.0
AMD,2026-08-24,FRESH,ELIGIBLE,2.1891380047651046,0.967741935483871,True,POSITIVE,True,0.04
AME,2026-08-24,FRESH,ELIGIBLE,0.3275739125665076,0.6491935483870968,False,POSITIVE,True,0.0
AMGN,2026-08-24,FRESH,ELIGIBLE,0.3092736569307277,0.6370967741935484,False,POSITIVE,True,0.0
AMH,2026-08-24,FRESH,ELIGIBLE,-0.013593380614657202,0.34274193548387094,False,NEGATIVE,False,0.0
AMKR,2026-08-24,FRESH,ELIGIBLE,1.8229800173761945,0.9556451612903226,True,POSITIVE,True,0.04
AMN,2026-08-24,FRESH,ELIGIBLE,0.6748091603053434,0.8266129032258065,False,POSITIVE,True,0.0
AMP,2026-08-24,FRESH,ELIGIBLE,0.05748072598779319,0.4153225806451613,False,POSITIVE,True,0.0
AMPH,2026-08-24,FRESH,ELIGIBLE,-0.37057633973710824,0.125,False,NEGATIVE,False,0.0
AMRC,2026-08-24,FRESH,ELIGIBLE,-0.04396570674873601,0.3185483870967742,False,NEGATIVE,False,0.0
AMRX,2026-08-24,FRESH,ELIGIBLE,0.8814270724029383,0.8911290322580645,False,POSITIVE,True,0.0
AMSC,2026-08-24,FRESH,ELIGIBLE,-0.3726580193535104,0.12096774193548387,False,NEGATIVE,False,0.0
AMSF,2026-08-24,FRESH,ELIGIBLE,-0.2943567115652578,0.16129032258064516,False,NEGATIVE,False,0.0
AMT,2026-08-24,FRESH,ELIGIBLE,-0.17445027733755947,0.21774193548387097,False,NEGATIVE,False,0.0
AMTX,2026-08-24,FRESH,ELIGIBLE,-0.3293650793650794,0.14919354838709678,False,NEGATIVE,False,0.0
AMZN,2026-08-24,FRESH,ELIGIBLE,0.045495495495495364,0.4112903225806452,False,POSITIVE,True,0.0
AN,2026-08-24,FRESH,ELIGIBLE,-0.009751224848974838,0.35080645161290325,False,NEGATIVE,False,0.0
ANAB,2026-08-24,FRESH,ELIGIBLE,2.976067746686303,0.9798387096774194,True,POSITIVE,True,0.04
ANDE,2026-08-24,FRESH,ELIGIBLE,1.0463645943098001,0.907258064516129,True,POSITIVE,True,0.04
ANET,2026-08-24,FRESH,ELIGIBLE,0.3187670402908209,0.6451612903225806,False,POSITIVE,True,0.0
ANF,2026-08-24,FRESH,ELIGIBLE,0.0092592592592593,0.38306451612903225,False,POSITIVE,True,0.0
ANGI,2026-08-24,FRESH,ELIGIBLE,-0.6777583187390543,0.028225806451612902,False,NEGATIVE,False,0.0
ANGO,2026-08-24,FRESH,ELIGIBLE,0.4972436604189636,0.7620967741935484,False,POSITIVE,True,0.0
ANIK,2026-08-24,FRESH,ELIGIBLE,0.6355653128430299,0.8185483870967742,False,POSITIVE,True,0.0
ANIP,2026-08-24,FRESH,ELIGIBLE,-0.14813391877058169,0.24596774193548387,False,NEGATIVE,False,0.0
ANNX,2026-08-24,FRESH,ELIGIBLE,1.4018475750577366,0.9395161290322581,True,POSITIVE,True,0.04
AON,2026-08-24,FRESH,ELIGIBLE,-0.03160719077005625,0.3225806451612903,False,NEGATIVE,False,0.0
AOS,2026-08-24,FRESH,ELIGIBLE,-0.13864348817326877,0.2540322580645161,False,NEGATIVE,False,0.0
AOSL,2026-08-24,FRESH,ELIGIBLE,0.1533707865168541,0.5120967741935484,False,POSITIVE,True,0.0
APA,2026-08-24,FRESH,ELIGIBLE,0.8136910732196587,0.8790322580645161,False,POSITIVE,True,0.0
APAM,2026-08-24,FRESH,ELIGIBLE,-0.054656862745097956,0.31048387096774194,False,NEGATIVE,False,0.0
APOG,2026-08-24,FRESH,ELIGIBLE,-0.01669085631349798,0.3387096774193548,False,NEGATIVE,False,0.0
APPF,2026-08-24,FRESH,ELIGIBLE,-0.38709079449820194,0.11290322580645161,False,NEGATIVE,False,0.0
APPN,2026-08-24,FRESH,ELIGIBLE,-0.1814891416752844,0.20161290322580644,False,NEGATIVE,False,0.0
APPS,2026-08-24,FRESH,ELIGIBLE,1.1865284974093262,0.9314516129032258,True,POSITIVE,True,0.04
ARAY,2026-08-24,FRESH,ELIGIBLE,-0.8468810289389067,0.0,False,NEGATIVE,False,0.0
ARCB,2026-08-24,FRESH,ELIGIBLE,1.1428571428571432,0.9274193548387096,True,POSITIVE,True,0.04
ARCC,2026-08-24,FRESH,ELIGIBLE,-0.06976744186046513,0.29838709677419356,False,NEGATIVE,False,0.0
ARCT,2026-08-24,FRESH,ELIGIBLE,-0.6834862385321101,0.020161290322580645,False,NEGATIVE,False,0.0
ARDX,2026-08-24,FRESH,ELIGIBLE,-0.17512274959083474,0.21370967741935484,False,NEGATIVE,False,0.0
ARKO,2026-08-24,FRESH,ELIGIBLE,0.6075949367088609,0.8064516129032258,False,POSITIVE,True,0.0
ARQT,2026-08-24,FRESH,ELIGIBLE,0.7328897338403042,0.842741935483871,False,POSITIVE,True,0.0
ARRY,2026-08-24,FRESH,ELIGIBLE,-0.36672629695885517,0.12903225806451613,False,NEGATIVE,False,0.0
ARVN,2026-08-24,FRESH,ELIGIBLE,0.10006854009595623,0.4475806451612903,False,POSITIVE,True,0.0
ARWR,2026-08-24,FRESH,ELIGIBLE,3.1253012048192765,0.9838709677419355,True,POSITIVE,True,0.04
ASML,2026-08-24,FRESH,ELIGIBLE,1.4045572738469958,0.9435483870967742,True,POSITIVE,True,0.04
ASND,2026-08-24,FRESH,ELIGIBLE,0.316927704594959,0.6411290322580645,False,POSITIVE,True,0.0
ASO,2026-08-24,FRESH,ELIGIBLE,-0.08889759154102206,0.27419354838709675,False,NEGATIVE,False,0.0
ASTE,2026-08-24,FRESH,ELIGIBLE,0.30708478513356585,0.625,False,POSITIVE,True,0.0
ASTH,2026-08-24,FRESH,ELIGIBLE,0.3411784343181439,0.6693548387096774,False,POSITIVE,True,0.0
ATEC,2026-08-24,FRESH,ELIGIBLE,-0.4822717288986508,0.06854838709677419,False,NEGATIVE,False,0.0
ATEX,2026-08-24,FRESH,ELIGIBLE,3.239385727190605,0.9959677419354839,True,POSITIVE,True,0.04
ATOM,2026-08-24,FRESH,ELIGIBLE,0.5703479576399395,0.8024193548387096,False,POSITIVE,True,0.0
ATRC,2026-08-24,FRESH,ELIGIBLE,-0.020693512304250428,0.33064516129032256,False,NEGATIVE,False,0.0
ATRO,2026-08-24,FRESH,ELIGIBLE,1.3620981387478848,0.9354838709677419,True,POSITIVE,True,0.04
AUB,2026-08-24,FRESH,ELIGIBLE,0.307620237351655,0.6290322580645161,False,POSITIVE,True,0.0
AUPH,2026-08-24,FRESH,ELIGIBLE,0.26986754966887405,0.5887096774193549,False,POSITIVE,True,0.0
AVAV,2026-08-24,FRESH,ELIGIBLE,-0.3635609268282304,0.13306451612903225,False,NEGATIVE,False,0.0
AVGO,2026-08-24,FRESH,ELIGIBLE,0.328185328185328,0.6532258064516129,False,POSITIVE,True,0.0
AVIR,2026-08-24,FRESH,ELIGIBLE,0.3413597733711049,0.6733870967741935,False,POSITIVE,True,0.0
AVO,2026-08-24,FRESH,ELIGIBLE,-0.013492063492063444,0.3467741935483871,False,NEGATIVE,False,0.0
AVPT,2026-08-24,FRESH,ELIGIBLE,-0.18291054739652868,0.1975806451612903,False,NEGATIVE,False,0.0
AVT,2026-08-24,FRESH,ELIGIBLE,0.7333850029064133,0.8467741935483871,False,POSITIVE,True,0.0
AVXL,2026-08-24,FRESH,ELIGIBLE,-0.7475117862755369,0.008064516129032258,False,NEGATIVE,False,0.0
AXGN,2026-08-24,FRESH,ELIGIBLE,1.4930555555555558,0.9516129032258065,True,POSITIVE,True,0.04
AXON,2026-08-24,FRESH,ELIGIBLE,-0.34261269982470366,0.14516129032258066,False,NEGATIVE,False,0.0
AXSM,2026-08-24,FRESH,ELIGIBLE,1.0579264385492761,0.9112903225806451,True,POSITIVE,True,0.04
AXTI,2026-08-24,FRESH,ELIGIBLE,18.002012072434606,1.0,True,POSITIVE,True,0.04
AZTA,2026-08-24,FRESH,ELIGIBLE,-0.08246731478377467,0.28225806451612906,False,NEGATIVE,False,0.0
BAND,2026-08-24,FRESH,ELIGIBLE,3.2324840764331206,0.9919354838709677,True,POSITIVE,True,0.04
BANR,2026-08-24,FRESH,ELIGIBLE,0.12704056893486348,0.46774193548387094,False,POSITIVE,True,0.0
BATRK,2026-08-24,FRESH,ELIGIBLE,0.14742126882701956,0.5,False,POSITIVE,True,0.0
BBBY,2026-08-14,INACTIVE_NON_TRADING,INSUFFICIENT_HISTORY,,,False,,False,0.0
BBIO,2026-08-24,FRESH,ELIGIBLE,0.6727381307853091,0.8225806451612904,False,POSITIVE,True,0.0
BCPC,2026-08-24,FRESH,ELIGIBLE,0.010058987891958804,0.3870967741935484,False,POSITIVE,True,0.0
BCRX,2026-08-24,FRESH,ELIGIBLE,0.11455847255369922,0.45564516129032256,False,POSITIVE,True,0.0
BEAM,2026-08-24,FRESH,ELIGIBLE,0.5692403876211318,0.7983870967741935,False,POSITIVE,True,0.0
BELFB,2026-08-24,FRESH,ELIGIBLE,1.1147884048984653,0.9233870967741935,True,POSITIVE,True,0.04
BFH,2026-08-24,FRESH,ELIGIBLE,0.7642482665313715,0.8548387096774194,False,POSITIVE,True,0.0
BGC,2026-08-24,FRESH,ELIGIBLE,0.18923344591137026,0.5443548387096774,False,POSITIVE,True,0.0
BHF,2026-08-24,FRESH,ELIGIBLE,0.36296056884292205,0.6854838709677419,False,POSITIVE,True,0.0
BIIB,2026-08-24,FRESH,ELIGIBLE,0.45282747718617533,0.7298387096774194,False,POSITIVE,True,0.0
BJRI,2026-08-24,FRESH,ELIGIBLE,0.9426324985439716,0.8951612903225806,False,POSITIVE,True,0.0
BKNG,2026-08-24,FRESH,ELIGIBLE,-0.21455769060479946,0.18548387096774194,False,NEGATIVE,False,0.0
BKR,2026-08-24,FRESH,ELIGIBLE,0.3330217340500117,0.6612903225806451,False,POSITIVE,True,0.0
BL,2026-08-24,FRESH,ELIGIBLE,-0.4559213015512674,0.07661290322580645,False,NEGATIVE,False,0.0
BLBD,2026-08-24,FRESH,ELIGIBLE,0.393548976608187,0.7016129032258065,False,POSITIVE,True,0.0
BLDP,2026-08-24,FRESH,ELIGIBLE,0.5289473684210526,0.782258064516129,False,POSITIVE,True,0.0
BLDR,2026-08-24,FRESH,ELIGIBLE,-0.45324928710790935,0.08064516129032258,False,NEGATIVE,False,0.0
BLFS,2026-08-24,FRESH,ELIGIBLE,0.19354838709677424,0.5564516129032258,False,POSITIVE,True,0.0
BLKB,2026-08-24,FRESH,ELIGIBLE,-0.4976216050329906,0.06048387096774194,False,NEGATIVE,False,0.0
BLMN,2026-08-24,FRESH,ELIGIBLE,0.14244604316546772,0.49193548387096775,False,POSITIVE,True,0.0
BLNK,2026-08-24,FRESH,ELIGIBLE,-0.42457180500658764,0.08870967741935484,False,NEGATIVE,False,0.0
BMRN,2026-08-24,FRESH,ELIGIBLE,0.021697950749095973,0.3911290322580645,False,POSITIVE,True,0.0
BOC,2026-08-24,FRESH,ELIGIBLE,0.13399602385685894,0.4798387096774194,False,POSITIVE,True,0.0
BOKF,2026-08-24,FRESH,ELIGIBLE,0.3662611046736193,0.6895161290322581,False,POSITIVE,True,0.0
BOOM,2026-08-24,FRESH,ELIGIBLE,-0.10287443267776109,0.2661290322580645,False,NEGATIVE,False,0.0
BPOP,2026-08-24,FRESH,ELIGIBLE,0.4707847840986976,0.7419354838709677,False,POSITIVE,True,0.0
BRKR,2026-08-24,FRESH,ELIGIBLE,0.7969678953626635,0.8669354838709677,False,POSITIVE,True,0.0
BSY,2026-08-24,FRESH,ELIGIBLE,-0.407822808671065,0.10483870967741936,False,NEGATIVE,False,0.0
BTBT,2026-08-24,FRESH,ELIGIBLE,-0.49816176470588236,0.056451612903225805,False,NEGATIVE,False,0.0
BTG,2026-08-24,FRESH,ELIGIBLE,0.004946628482165982,0.3709677419354839,False,POSITIVE,True,0.0
BUSE,2026-08-24,FRESH,ELIGIBLE,0.33939802336028757,0.6653225806451613,False,POSITIVE,True,0.0
BWIN,2026-08-24,FRESH,ELIGIBLE,-0.2247948417350527,0.1774193548387097,False,NEGATIVE,False,0.0
BYND,2026-08-24,FRESH,ELIGIBLE,-0.7637254901960784,0.004032258064516129,False,NEGATIVE,False,0.0
CAKE,2026-08-24,FRESH,ELIGIBLE,0.3858383871496476,0.6975806451612904,False,POSITIVE,True,0.0
CALM,2026-08-24,FRESH,ELIGIBLE,-0.17907462957912923,0.20967741935483872,False,NEGATIVE,False,0.0
CALY,2026-08-24,FRESH,ELIGIBLE,0.951612903225806,0.8991935483870968,False,POSITIVE,True,0.0
CAMT,2026-08-24,FRESH,ELIGIBLE,0.812568908489526,0.875,False,POSITIVE,True,0.0
CAR,2026-08-24,FRESH,ELIGIBLE,0.06509506209835858,0.42338709677419356,False,POSITIVE,True,0.0
CARG,2026-08-24,FRESH,ELIGIBLE,0.0363466915191053,0.40725806451612906,False,POSITIVE,True,0.0
CASH,2026-08-24,FRESH,ELIGIBLE,0.14672174840085273,0.4959677419354839,False,POSITIVE,True,0.0
CASY,2026-08-24,FRESH,ELIGIBLE,0.6932169056188173,0.8306451612903226,False,POSITIVE,True,0.0
CATY,2026-08-24,FRESH,ELIGIBLE,0.35512710038776385,0.6814516129032258,False,POSITIVE,True,0.0
CBRL,2026-08-24,FRESH,ELIGIBLE,0.005435801312089872,0.375,False,POSITIVE,True,0.0
CBSH,2026-08-24,FRESH,ELIGIBLE,-0.005218855218855123,0.3548387096774194,False,NEGATIVE,False,0.0
CCCC,2026-08-24,FRESH,ELIGIBLE,0.29389312977099236,0.6169354838709677,False,POSITIVE,True,0.0
CCEP,2026-08-24,FRESH,ELIGIBLE,0.18329205133978843,0.5282258064516129,False,POSITIVE,True,0.0
CCOI,2026-08-24,FRESH,ELIGIBLE,-0.6826588046100242,0.024193548387096774,False,NEGATIVE,False,0.0
CDNA,2026-08-24,FRESH,ELIGIBLE,1.9735788630904723,0.9637096774193549,True,POSITIVE,True,0.04
CDNS,2026-08-24,FRESH,ELIGIBLE,-0.0612268385314767,0.3064516129032258,False,NEGATIVE,False,0.0
CDW,2026-08-24,FRESH,ELIGIBLE,-0.16949469744229573,0.2217741935483871,False,NEGATIVE,False,0.0
CDXS,2026-08-24,FRESH,ELIGIBLE,-0.4770318021201414,0.07258064516129033,False,NEGATIVE,False,0.0
CDZI,2026-08-24,FRESH,ELIGIBLE,-0.08695652173913049,0.2782258064516129,False,NEGATIVE,False,0.0
CELH,2026-08-24,FRESH,ELIGIBLE,-0.5627165068879401,0.04435483870967742,False,NEGATIVE,False,0.0
CENTA,2026-08-24,FRESH,ELIGIBLE,0.19335816263190586,0.5524193548387096,False,POSITIVE,True,0.0
CENX,2026-08-24,FRESH,ELIGIBLE,1.1042567721374916,0.9193548387096774,True,POSITIVE,True,0.04
CERS,2026-08-24,FRESH,ELIGIBLE,1.4705882352941178,0.9475806451612904,True,POSITIVE,True,0.04
CERT,2026-08-24,FRESH,ELIGIBLE,-0.3055169216504404,0.15725806451612903,False,NEGATIVE,False,0.0
CEVA,2026-08-24,FRESH,ELIGIBLE,0.6351564258383977,0.8145161290322581,False,POSITIVE,True,0.0
CFFN,2026-08-24,FRESH,ELIGIBLE,0.4925919470106328,0.7580645161290323,False,POSITIVE,True,0.0
CG,2026-08-24,FRESH,ELIGIBLE,-0.2565583237089589,0.17338709677419356,False,NEGATIVE,False,0.0
CGBD,2026-08-24,FRESH,ELIGIBLE,-0.1668049792531121,0.22580645161290322,False,NEGATIVE,False,0.0
CGC,2026-08-24,FRESH,ELIGIBLE,-0.28522088353413655,0.16532258064516128,False,NEGATIVE,False,0.0
CGNX,2026-08-24,FRESH,ELIGIBLE,0.4588041431261771,0.7338709677419355,False,POSITIVE,True,0.0
CHDN,2026-08-24,FRESH,ELIGIBLE,-0.15223997647289478,0.24193548387096775,False,NEGATIVE,False,0.0
CHEF,2026-08-24,FRESH,ELIGIBLE,0.5361884715025906,0.7862903225806451,False,POSITIVE,True,0.0
CHKP,2026-08-24,FRESH,ELIGIBLE,-0.30716180371352786,0.1532258064516129,False,NEGATIVE,False,0.0
CHRD,2026-08-24,FRESH,ELIGIBLE,0.4047887035710629,0.7056451612903226,False,POSITIVE,True,0.0
CHRS,2026-08-24,FRESH,ELIGIBLE,0.2456140350877194,0.5846774193548387,False,POSITIVE,True,0.0
CHRW,2026-08-24,FRESH,ELIGIBLE,0.5428216797683079,0.7903225806451613,False,POSITIVE,True,0.0
