ticker,valid_days,mean_score,median_score,top_decile_days,top_decile_rate,mean_return_12_1,median_return_12_1
A,3771,0.4784419924556236,0.4714587737843552,51,0.013524264120922832,0.13883075343248713,0.1054277366889722
AAPL,3771,0.6263623260947172,0.6817204301075269,898,0.2381331211880138,0.26662269446495,0.260166979393766
ABBV,3017,0.5556105470818227,0.5484581497797357,374,0.12396420285051375,0.18642644856595386,0.18015547645323
ABNB,1017,0.3407993229121882,0.2281059063136456,6,0.0058997050147492625,-0.023495397839753518,-0.0522945993875857
ABT,3771,0.5001884262927577,0.4890829694323144,25,0.006629541235746487,0.1409139833082161,0.1671136344795849
ACGL,3771,0.5424158564314505,0.569620253164557,334,0.08857067090957306,0.17737827280818483,0.1993884144110309
ACN,3771,0.5326479660406275,0.5557809330628803,52,0.013789445770352692,0.16109689181904088,0.1599172454929287
ADBE,3771,0.562673464843601,0.630801687763713,587,0.1556616282153275,0.20707980094629036,0.2130239192036946
ADI,3771,0.53739833405098,0.5292740046838408,6,0.0015910898965791568,0.16590900720309495,0.1635995345041538
ADM,3771,0.4047819271547739,0.3349056603773584,223,0.05913550782285866,0.08639937365535008,0.0523404001832419
ADP,3771,0.5515254459368211,0.5361990950226244,15,0.003977724741447892,0.1688839926413524,0.1696973705593225
ADSK,3771,0.5281489866129777,0.5560253699788583,397,0.1052771148236542,0.18101747060337828,0.1797295508752614
AEE,3771,0.483539471848252,0.4551422319474836,112,0.02970034473614426,0.1270844096033968,0.135040590789536
AEP,3771,0.47378906314213226,0.4585253456221198,34,0.009016176080615222,0.11727786554049742,0.1148730870487055
AES,3771,0.364552511996694,0.3042596348884381,214,0.056748872977989924,0.06202659949014906,0.0305624832162465
AFL,3771,0.48903629734832055,0.5370786516853933,3,0.0007955449482895784,0.13485008111686245,0.148659974377612
AIG,3771,0.45859409086939773,0.4878542510121457,113,0.029965526385574117,0.12026674593968785,0.1000141030567283
AIZ,3771,0.5063360143796223,0.516597510373444,135,0.03579952267303103,0.15219720059781158,0.1365754080385397
AJG,3771,0.5858684673748081,0.6099290780141844,66,0.017501988862370723,0.2001239521748699,0.208212104043485
AKAM,3771,0.4240960058305131,0.3710407239819004,261,0.06921241050119331,0.08337209205241604,0.0690937656210732
ALB,3771,0.4275036592841134,0.2880184331797235,716,0.18987006099177936,0.12478696360968178,0.0188653455611165
ALGN,3771,0.5386962554427621,0.5573770491803278,1088,0.2885176345796871,0.2643062019787587,0.1740137153837921
ALL,3771,0.5252719949909386,0.5349794238683128,229,0.060726597719437815,0.16238171158892245,0.1444833132740177
ALLE,2795,0.49018109635733803,0.4884210526315789,31,0.0110912343470483,0.11685387653691161,0.125912053753717
AMAT,3771,0.5661207131191411,0.6704035874439462,953,0.25271811190665605,0.2624781170205536,0.2404712625237781
AMCR,3175,0.3619710394996979,0.3414096916299559,6,0.001889763779527559,0.0546324992684266,0.0651753740137623
AMD,3771,0.5142614762275297,0.5278350515463918,1256,0.33306815168390347,0.39177380700419195,0.1814346360847039
AME,3771,0.5382828101908472,0.5526315789473685,86,0.022805621850967912,0.1683633041114825,0.149362309484091
AMGN,3771,0.5024007361975825,0.4820295983086681,278,0.07372049854150092,0.14364947511253454,0.1228071354089517
AMP,3771,0.587182008656127,0.6613272311212814,201,0.053301511535401754,0.21909803110396928,0.2087735414610005
AMT,3771,0.49187218813236194,0.4777070063694267,177,0.046937151949085126,0.12836653979812726,0.1336931524678433
AMZN,3771,0.6098631745269646,0.6711711711711712,930,0.2466189339697693,0.2763424758449197,0.2690712912646993
ANET,2658,0.6797561962019452,0.8003930020283976,1032,0.38826185101580135,0.39074505492921585,0.358104568631994
AON,3771,0.5516125872039107,0.5720930232558139,39,0.010342084327764518,0.16628607102712742,0.1731684231161183
AOS,3771,0.5483381564941499,0.5978494623655914,379,0.10050384513391673,0.18038067193523638,0.1924927631167399
APA,3771,0.28172566228452556,0.1133786848072562,438,0.11614956245027844,0.003987341687530423,-0.1100782217192768
APD,3771,0.4786167536848824,0.4730679156908665,114,0.030230708035003977,0.12740886890654982,0.1211937495198629
APH,3771,0.5931704908900249,0.5934959349593496,168,0.04455051710421639,0.21326876523059174,0.2135465819178985
APO,3459,0.6037013460102104,0.6815415821501014,907,0.26221451286498987,0.2932795076472782,0.2376039752478365
APP,932,0.637016260309671,0.9898580121703854,577,0.619098712446352,1.5463353167719274,1.360908792478334
APTV,3297,0.47501901176373135,0.4823008849557522,321,0.09736123748862602,0.14357781035406791,0.1081200445710588
ARE,3771,0.3904529089952762,0.3723653395784543,17,0.004508088040307611,0.059362255922226666,0.0834121907478511
ARES,2682,0.6765367934344797,0.7600113591487738,579,0.21588366890380314,0.29485460433713123,0.29744855598686903
ATO,3771,0.5187159644240072,0.5011441647597255,215,0.057014054627419784,0.1463279089178049,0.1516923000912358
AVB,3771,0.43742200385067387,0.4298850574712644,45,0.011933174224343675,0.09494617252595872,0.0900605657145789
AVGO,3771,0.7321214248083032,0.8260869565217391,1442,0.38239193847785735,0.41331273261266377,0.3790626440469407
AVY,3771,0.5069270137343682,0.4989473684210526,169,0.04481569875364625,0.1528513170320717,0.1435226776137341
AWK,3771,0.5210832170227994,0.4888392857142857,262,0.06947759215062317,0.15259064785500692,0.1540875691004086
AXON,3771,0.6674630734385435,0.8418604651162791,1558,0.41315300981172104,0.4560220790329788,0.3756022991231478
AXP,3771,0.5313202936067988,0.5835095137420718,101,0.026783346592415803,0.17004988325010087,0.1798228802303259
AZO,3771,0.5973012869959015,0.6346555323590815,641,0.1699814372845399,0.21470203954135014,0.2203259273861051
BA,3771,0.466358212902842,0.4262672811059907,484,0.12834791832405198,0.14162579281292698,0.0873631269464201
BAC,3771,0.4715564340053478,0.4270152505446623,430,0.11402810925483957,0.13926776996297643,0.0915672497353088
BALL,3771,0.4579865239691117,0.4429530201342282,265,0.07027313709891275,0.11839426625843591,0.0982587570111934
BAX,3771,0.3795073433508104,0.3509933774834437,27,0.007159904534606206,0.04192880892158521,0.0473883774986929
BBY,3771,0.4310883756191297,0.3617886178861789,535,0.14187218244497482,0.13666572169900054,0.0323650847476002
BDX,3771,0.4390900144278544,0.4543325526932084,0,0.0,0.08904722102381069,0.0856523968400644
BEN,3771,0.3348249550286948,0.2900608519269776,2,0.0005303632988597189,0.032185075720617885,0.0123102505181316
BF.B,3771,0.4382287641465026,0.4493392070484581,57,0.015115354017501989,0.08062821483119745,0.0944893496130592
BG,3771,0.3734120781336856,0.2857142857142857,133,0.035269159374171306,0.0748125607771284,0.0463244856646971
BIIB,3771,0.4422214992877843,0.3340380549682875,632,0.16759480243967118,0.10832604027849738,0.0779091778795282
BKNG,3771,0.572113190593579,0.5809935205183585,510,0.13524264120922833,0.23838078776010677,0.1853100934668556
BKR,3771,0.39898550829925333,0.3076923076923077,336,0.08910103420843278,0.0836634560345475,0.04480718974244
BLDR,3771,0.5938791550866942,0.7282377919320594,1310,0.3473879607531159,0.37860521316486073,0.2809916951521032
BLK,3771,0.5169724946179307,0.5328947368421053,49,0.012993900822063113,0.1622672469724728,0.1734343866447267
BMY,3771,0.43489681662550816,0.3891129032258064,192,0.05091487669053302,0.09344721374736766,0.1097371088538692
BNY,3771,0.4636151045977657,0.4556701030927835,171,0.045346062052505964,0.12681383536277183,0.1206018314532619
BR,3771,0.5695386030863948,0.5527950310559007,284,0.07531158843808008,0.19646864056918262,0.1877196038373667
BRK.B,3771,0.4799403194879059,0.4851258581235698,0,0.0,0.12831574794337766,0.1314105190135253
BRO,3771,0.54895152450256,0.5871559633027523,118,0.031291434632723415,0.17939311731032898,0.1903880917520959
BSX,3771,0.5648287095695723,0.6121212121212121,495,0.13126491646778043,0.20832678838404162,0.1806896341258081
BX,3771,0.6078224985264941,0.6518987341772152,762,0.2020684168655529,0.27226653339292145,0.2164132963492815
BXP,3771,0.37745666118007665,0.3736017897091722,9,0.002386634844868735,0.051584640161926876,0.066903460426523
C,3771,0.4213789897340866,0.3544303797468354,215,0.057014054627419784,0.10653102758891139,0.0536438160603249
CAH,3771,0.4730765015322846,0.462085308056872,375,0.09944311853619729,0.14456663458185973,0.1193323579559124
CARR,1202,0.5953022490077312,0.6612739645357586,99,0.08236272878535773,0.2587982563078617,0.2218890645870138
CASY,3771,0.5633511570868265,0.6346604215456675,378,0.10023866348448687,0.19354145308478876,0.1900681835556164
CAT,3771,0.5112365416683974,0.5352697095435685,382,0.10129939008220631,0.17522916879888636,0.1284938078031403
CB,3771,0.4969060105283586,0.4863157894736842,28,0.007425086184036065,0.13831175618880537,0.1444098072521979
CBOE,3659,0.5656612503713616,0.6170678336980306,203,0.055479639245695545,0.18509093714322977,0.1683373200735496
CBRE,3771,0.5334779117926399,0.5344129554655871,354,0.09387430389817025,0.18336429672624685,0.176451133316206
CCI,3771,0.44322626886159305,0.4229074889867841,164,0.04348979050649695,0.1022879951436706,0.1023349287813351
CCL,3771,0.3983386635833374,0.3073394495412844,325,0.08618403606470432,0.07571797553913856,0.0816400384282307
CDNS,3771,0.6711183503762508,0.725050916496945,629,0.1667992574913816,0.2810351793750716,0.2436671250975675
CDW,2895,0.622671299315615,0.6835699797160243,257,0.08877374784110535,0.2057146740461147,0.2273348433161421
CEG,739,0.8804409523332782,0.9333333333333332,458,0.6197564276048715,0.6532016449215656,0.6017390491791004
CF,3771,0.5062466801161599,0.5210970464135021,619,0.164147440997083,0.18416378551022378,0.15172769434482
CFG,2582,0.4739851263995483,0.4590616889255573,280,0.10844306738962045,0.14439499642727305,0.08025808988932384
CHD,3771,0.4991408621645394,0.4799054373522459,286,0.0758419517369398,0.13954378709643936,0.1404181672583055
CHRW,3771,0.3933908240576344,0.3473895582329317,74,0.0196234420578096,0.072560277982948,0.0374108957422971
CHTR,3770,0.5639982943752928,0.6658986175115207,738,0.19575596816976126,0.19069370885996562,0.223828186932909
CI,3771,0.5199174252434678,0.4929006085192697,462,0.12251392203659507,0.16832630618965413,0.1398680798171512
CIEN,3771,0.4835580266391606,0.4516806722689075,618,0.16388225934765313,0.16967174677647928,0.131794114981099
CINF,3771,0.5244047522057248,0.5391923990498813,345,0.09148766905330151,0.16357346059962696,0.1486183844324051
CL,3771,0.3990461936951689,0.3758389261744966,0,0.0,0.07781034132486073,0.0771896647004488
CLX,3771,0.4248655796099247,0.3945578231292517,112,0.02970034473614426,0.08598412126897508,0.0893621666805202
CMCSA,3771,0.48438989767119434,0.494553376906318,163,0.04322460885706709,0.1272285920671445,0.1340209151024913
CME,3771,0.5165574363760939,0.5377969762419006,71,0.01882789710952002,0.15349083491917614,0.1686428754278062
CMG,3771,0.5702302288180375,0.6600441501103753,1128,0.29912490055688146,0.25492424249557394,0.2714533645710288
CMI,3771,0.4905695229884189,0.5081967213114754,175,0.046406788650225406,0.15662627973645116,0.1368207774765015
CMS,3771,0.5067055139285174,0.5188470066518847,82,0.021744895253248474,0.13445883583738408,0.1416014844315336
CNC,3771,0.5331379091774098,0.5783410138248848,743,0.19702996552638558,0.18388587439041645,0.1612187757355239
CNP,3771,0.45656139377326477,0.4109311740890688,143,0.0379209758684699,0.1127318519960405,0.112726625381059
COF,3771,0.47526444737301654,0.4547461368653421,235,0.06231768761601697,0.16322162897470016,0.1421607035681844
COHR,3771,0.46903251800568807,0.445859872611465,718,0.19040042429063908,0.18277837424804189,0.0701500146196232
COIN,933,0.5399460603211365,0.5943204868154158,388,0.41586280814576637,0.4560272469906425,0.1660319857541901
COO,3771,0.5147678002421068,0.5071283095723014,214,0.056748872977989924,0.1583016757935409,0.1695618812281767
COP,3771,0.4332855651428328,0.367816091954023,479,0.12702201007690267,0.13046515666682534,0.0933406148781641
COR,3771,0.5604618666934847,0.6085011185682326,300,0.07955449482895784,0.19277507124443394,0.2114883346741753
COST,3771,0.6094018437779481,0.6556016597510373,200,0.05303632988597189,0.22079119261904112,0.2074304687638046
CPAY,3531,0.5459049462960935,0.5622489959839357,503,0.1424525630133107,0.21008949371498328,0.1576586100554533
CPRT,3771,0.5950949110670646,0.6185567010309279,656,0.1739591620259878,0.23500788963672373,0.2070413708063418
CPT,3771,0.4540260106761272,0.4361233480176211,146,0.03871652081675948,0.11472737114040099,0.10000101397223
CRH,3771,0.4824514280887524,0.4717391304347826,253,0.06709095730575444,0.15455423670949986,0.1300780931741201
CRL,3771,0.47295353563378545,0.4864300626304801,249,0.066030230708035,0.13907753743047802,0.1374269020576985
CRM,3771,0.5432054715170693,0.5546038543897216,458,0.12145319543887563,0.19428530486832243,0.190385873447282
CRWD,1396,0.6340739576516624,0.8112033195020747,586,0.4197707736389685,0.5823461343044812,0.3946233771148969
CSCO,3771,0.4647770724852696,0.4655870445344129,28,0.007425086184036065,0.11128543133104478,0.1097872745960966
CSGP,3771,0.587267075666719,0.6673427991886409,731,0.19384778573322725,0.22728737111719174,0.192891944188321
CSX,3771,0.4880696423847468,0.4720930232558139,263,0.06974277380005303,0.15558440290859626,0.1223351981510394
CTAS,3771,0.6803469842030986,0.7246963562753036,161,0.042694245558207375,0.25955222826411845,0.2568557094167447
CTSH,3771,0.4131015980088942,0.3613053613053613,119,0.031556616282153276,0.09065664763032927,0.0675948916998128
CTVA,1408,0.5569806879545676,0.5851293372246751,165,0.1171875,0.19781531788069265,0.165953976409971
CVNA,1929,0.7395117754467414,0.9873417721518988,1282,0.6645930533955418,1.352301930135168,1.002785661509488
CVS,3771,0.444004699135873,0.4693446088794926,156,0.04136833731105807,0.0912937734209551,0.0998460613445664
CVX,3771,0.4122312952556909,0.3594771241830065,243,0.06443914081145585,0.10128041191975866,0.0774782675702077
D,3771,0.40223265611345055,0.4095860566448802,2,0.0005303632988597189,0.07054590733813375,0.0971687131823555
DAL,3771,0.4804088657757409,0.4665271966527197,553,0.14664545213471228,0.17002393566767182,0.0953040888421188
DASH,1018,0.5745941040624853,0.8446076394828808,403,0.39587426326129665,0.23823670216567752,0.3804857638158544
DD,3771,0.41913077390333114,0.3830645161290322,67,0.017767170511800583,0.09241552755118361,0.0638174193508482
DDOG,1327,0.5404391650567041,0.5504032258064516,336,0.2532027128862095,0.31155522158979687,0.1904800418850383
DE,3771,0.501216146978475,0.468384074941452,345,0.09148766905330151,0.183376334910123,0.1080578574177659
DECK,3771,0.5765548231579963,0.734020618556701,1387,0.3678069477592151,0.27973843766632606,0.2909091136781758
DELL,2104,0.6262151867206134,0.7204823350195915,502,0.23859315589353614,0.33732190355502484,0.2515795633605038
DG,3771,0.48920833274488007,0.5193965517241379,349,0.09254839565102095,0.11940986345786649,0.1411969895418163
DGX,3771,0.4422628944686018,0.4484210526315789,6,0.0015910898965791568,0.10396262734349834,0.0829319483361501
DHI,3771,0.5435890969509551,0.550321199143469,674,0.17873243171572528,0.2132931254587894,0.1648726861021976
DHR,3771,0.5410181618770086,0.5195402298850574,352,0.09334394059931053,0.19321937211270182,0.1634963471995196
DIS,3771,0.46295094241610435,0.4668094218415418,76,0.02015380535666932,0.11326016804067361,0.1342465464680902
DLR,3771,0.47907515388640337,0.4867075664621677,329,0.08724476266242376,0.1280435350521572,0.1279518574547891
DLTR,3771,0.46420863051062267,0.4329896907216495,600,0.15910898965791567,0.1297635421514325,0.0954523185558031
DOC,3771,0.35100290536630874,0.2891566265060241,121,0.032086979581012996,0.03759069139053997,0.0139878547064655
DOV,3771,0.514874532592158,0.5476718403547672,20,0.005303632988597189,0.1518214934292507,0.1522754021662478
DOW,1454,0.3578084647505725,0.3734439834024896,3,0.0020632737276478678,0.012582621004623972,-0.0017796217204409
DPZ,3771,0.6396972360232914,0.7226720647773279,949,0.2516573853089366,0.29393977974626273,0.2637012690818214
DRI,3771,0.5107598698646401,0.511578947368421,227,0.060196234420578094,0.16590913423140335,0.1333882043175311
DTE,3771,0.4773372328459124,0.4366515837104072,8,0.0021214531954388757,0.12173171302427854,0.1427873302105295
DUK,3771,0.438460578702029,0.402020202020202,10,0.0026518164942985947,0.10214904517885559,0.1108877415291547
DVA,3771,0.44941449292174396,0.4170305676855895,210,0.05568814638027048,0.12373504300012686,0.0955661593318417
DVN,3771,0.30826114071514515,0.1217038539553752,545,0.1445239989392734,0.10918860066915526,-0.0818773757478246
DXCM,3771,0.5643596160239759,0.6463157894736842,1275,0.33810660302307083,0.3344628010831194,0.2198137122767296
EA,3771,0.5312268060384321,0.5345528455284553,624,0.1654733492442323,0.19422559511585127,0.1470393396380587
EBAY,3771,0.5091581936624513,0.5221987315010571,236,0.06258286926544683,0.16807191171196975,0.1670422113943288
ECHO,3771,0.3952493267794744,0.2764227642276423,390,0.10342084327764518,0.10983389278577202,0.0136986425264793
ECL,3771,0.4928438658666824,0.5020080321285141,51,0.013524264120922832,0.1351495037582888,0.1298736403477722
ED,3771,0.4324290532471191,0.3955375253549695,185,0.049058605144524,0.09453428639241955,0.0938245815210132
EFX,3771,0.5346239580289638,0.5284210526315789,208,0.05515778308141077,0.1658847355070647,0.1679370136734903
EG,3771,0.4846292912541523,0.4810924369747899,74,0.0196234420578096,0.1265816791869844,0.1256295270668224
EIX,3771,0.42586723034883955,0.4246575342465753,61,0.01617608061522143,0.07845508890410306,0.1006401838996162
EL,3771,0.4752283535867661,0.4935064935064935,428,0.11349774595597985,0.11752002325402064,0.1132864151578532
ELV,3771,0.5255323979155092,0.5577342047930284,423,0.11217183770883055,0.16045658512877004,0.1520507318408712
EME,3771,0.5689980099805781,0.5670103092783505,574,0.15221426677273933,0.24763524174965929,0.1811928522117869
EMR,3771,0.42543215241985005,0.4336099585062241,0,0.0,0.10336253804763436,0.1044264831950203
EOG,3771,0.43731046829220277,0.3860759493670886,433,0.11482365420312915,0.12371282887764884,0.0703900192010653
EQIX,3771,0.5429089818017785,0.5668789808917197,666,0.1766109785202864,0.18979540533712824,0.1748129289647602
EQR,3771,0.42781189724178964,0.3970588235294117,69,0.018297533810660304,0.08934026451487596,0.0683887018402078
EQT,3771,0.42529769854214244,0.3373737373737374,541,0.14346327234155395,0.13884958415102575,0.0675087433961425
ERIE,3771,0.5324795079609942,0.5737327188940092,603,0.15990453460620524,0.19196531453363583,0.1530364576277085
ES,3771,0.4402378000537607,0.4357429718875502,34,0.009016176080615222,0.094622752628609,0.0973026189070558
ESS,3771,0.4693422607661462,0.476890756302521,43,0.011402810925483956,0.11522622462125179,0.1309631265824193
ETN,3771,0.541559310872553,0.5508130081300813,249,0.066030230708035,0.19676817366999258,0.1605125242148155
ETR,3771,0.4361146376694517,0.3784355179704017,256,0.06788650225404402,0.10711781513898776,0.0640006625419165
EVRG,3771,0.46610993977296855,0.4668192219679634,195,0.05171042163882259,0.1190523959305074,0.1184258393507455
EW,3771,0.5357854884937437,0.5595744680851064,670,0.17767170511800584,0.17642565742670155,0.1775731267361722
EXC,3771,0.3967237108659177,0.3291925465838509,209,0.05542296473084063,0.0737838581281475,0.0616959867704651
EXE,976,0.60870790839259,0.669014768752429,279,0.2858606557377049,0.2663574508930855,0.18863068869204708
EXPD,3771,0.4198381881909303,0.40552016985138,29,0.0076902678334659245,0.09441701241610169,0.0851639424831756
EXPE,3771,0.4922156995219649,0.4948875255623722,451,0.11959692389286661,0.16942087664423205,0.1318071734436299
EXR,3771,0.5905847288632008,0.6341463414634146,804,0.21320604614160701,0.21764828314044338,0.2208501011500689
F,3771,0.33935741130766467,0.2402745995423341,324,0.08591885441527446,0.0769786024436142,-0.0035260159952986
FANG,3070,0.5433514603467989,0.5943204868154158,802,0.26123778501628664,0.2812678331003148,0.16377067493393266
FAST,3771,0.5111993449588413,0.5415821501014199,242,0.06417395916202599,0.16449759636756053,0.1521854586838258
FCX,3771,0.3913808580919754,0.2911646586345381,481,0.1275523733757624,0.1456901703941708,0.0065186639117438
FDS,3771,0.48511768711026665,0.4730679156908665,138,0.03659506762132061,0.13170247540053207,0.1125952564024861
FDX,3771,0.43038233308260604,0.3958810068649885,226,0.059931052771148234,0.11649551251292226,0.1056756514073011
FE,3771,0.40656590929677144,0.4087912087912088,72,0.01909307875894988,0.06326948253589429,0.0541749763553967
FFIV,3771,0.44804377365083026,0.4101010101010101,430,0.11402810925483957,0.12636088039852697,0.0849260537837059
FICO,3771,0.6761639636547617,0.7764227642276422,1349,0.3577300450808804,0.33445678354214975,0.2863985561470796
FIS,3771,0.4761841857663114,0.5364238410596026,12,0.0031821797931583136,0.10854040746226198,0.1504134519077491
FISV,3770,0.5854574448937642,0.626888568099851,147,0.0389920424403183,0.18462441608488753,0.2124309746924179
FITB,3771,0.4613472924521241,0.4170212765957446,292,0.07743304163351895,0.14618581947290962,0.0864786927975307
FIX,3771,0.6121269629083125,0.6766595289079229,1181,0.31317952797666404,0.3340902836645763,0.2484368134718551
FLEX,3771,0.5251623550267037,0.5476718403547672,446,0.11827101564571732,0.18830721033472161,0.1771740393867427
FOX,1459,0.4418776183313397,0.383367139959432,139,0.09527073337902674,0.11351204635400083,0.0136817673803899
FOXA,1460,0.4617368937022029,0.40973630831643,142,0.09726027397260274,0.1267442816326539,0.0232612939485987
FRT,3771,0.4034290985767373,0.393574297188755,19,0.00503845133916733,0.06856806738463714,0.0742733462070068
FSLR,3771,0.45197239360755787,0.40169133192389,786,0.20843277645186953,0.18231028494487395,0.0977250665341402
FTNT,3771,0.6140884525546482,0.681917211328976,1169,0.3099973481835057,0.3373737382635297,0.2414307293950326
FTV,2135,0.4119424224472484,0.4202898550724637,0,0.0,0.06577367995355315,0.0640107934605673
GD,3771,0.48046318064322807,0.4320486815415821,132,0.035003977724741446,0.1357863931085588,0.1042784732306503
GDDY,2453,0.5657142185291064,0.6056034482758621,463,0.18874847125968203,0.2201081254470413,0.1494481319544289
GE,3771,0.4606347231677854,0.3894523326572008,728,0.19305224078493768,0.16258682877495143,0.1154354457252821
GEHC,510,0.3427279325571856,0.3077692245030954,0,0.0,0.03451744422805369,0.0163738427603048
GEN,3771,0.4573831471883638,0.4451754385964912,397,0.1052771148236542,0.13430512422930307,0.1123208513171236
GEV,190,0.9853831719975317,0.9919678714859438,190,1.0,1.4138377745669277,1.3448989657928225
GILD,3771,0.4979595420798897,0.4531590413943355,735,0.1949085123309467,0.17325602809551108,0.0974802616218502
GIS,3771,0.39616805545323514,0.3414634146341463,128,0.03394325112702201,0.06897220694248214,0.0834408924234457
GL,3771,0.49364645793442763,0.4789356984478936,83,0.022010076902678335,0.1339213886550014,0.1174947711016556
GLW,3771,0.4558351402659605,0.4189189189189189,246,0.06523468575974542,0.1328425460442034,0.0866137140386407
GM,3549,0.4030252662185898,0.3779697624190065,200,0.05635390250774866,0.10512717611551269,0.0653195663679238
GNRC,3744,0.5687122389141481,0.6424887169568021,1117,0.2983440170940171,0.3042973851804257,0.2300583395017913
GOOG,3771,0.566417938507448,0.5926724137931034,289,0.07663749668522939,0.20421098255302636,0.2021018965431109
GOOGL,3771,0.5646637626649795,0.5887096774193549,283,0.07504640678865022,0.20307610798878192,0.19953201257077
GPC,3771,0.45298420743851336,0.4461206896551724,154,0.04083797401219835,0.11273782426539214,0.1061261351062814
GPN,3771,0.47736013122478294,0.5021097046413502,495,0.13126491646778043,0.12462659126558294,0.1170865613133032
GRMN,3771,0.5494967336148632,0.6300211416490487,553,0.14664545213471228,0.19394593457441298,0.2126535694591678
GS,3771,0.4739281566359486,0.4407158836689038,264,0.07000795544948289,0.1513308654914325,0.0936608629858786
GWW,3771,0.5221171230795683,0.5485232067510548,478,0.12675682842747282,0.18698866864705152,0.1739035736155587
HAL,3771,0.39139303542433357,0.2570850202429149,511,0.13550782285865817,0.07445530319145532,-0.0086819131473889
HAS,3771,0.4171130051560851,0.3964757709251101,185,0.049058605144524,0.08810317466012073,0.1129169037823947
HBAN,3771,0.4660542454072649,0.4864253393665158,26,0.006894722885176346,0.12882426945920664,0.1267828527478101
HCA,3473,0.602840537238758,0.6044624746450304,740,0.21307227181111432,0.25113278852197257,0.1903465702899762
HD,3771,0.5898453331358894,0.5610766045548654,344,0.09122248740387165,0.2055145425913943,0.2017710723198853
HIG,3771,0.5101983972851,0.5426829268292683,138,0.03659506762132061,0.1573234239380628,0.1387616768378781
HII,3465,0.5617426991838941,0.5723684210526315,491,0.1417027417027417,0.19041539378571373,0.1815433846852641
HLT,2778,0.5760455704687487,0.633758593485856,28,0.010079193664506839,0.1805996841614039,0.19358244393080998
HON,3771,0.5032785303200608,0.4976744186046511,0,0.0,0.14066563595281933,0.1278778832399469
HOOD,859,0.6560409686924681,0.9352226720647774,439,0.5110593713620489,0.9506676375339759,0.6963309001114406
HPE,2313,0.4932243595536857,0.5137420718816068,115,0.04971897968006917,0.13557487706749352,0.1074232216316499
HPQ,3771,0.4376279302384193,0.4462474645030426,267,0.07080350039777247,0.09343923054753005,0.0438114389678834
HRL,3771,0.4488749443099583,0.4630021141649049,196,0.05197560328825245,0.09933765328421434,0.092663928656951
HSIC,3771,0.42021690502617415,0.4288659793814433,1,0.00026518164942985947,0.08275319664500833,0.0851793949211559
HST,3771,0.3754664055788907,0.350210970464135,27,0.007159904534606206,0.06041467111743058,0.0635100336938716
HSY,3771,0.47084615042342426,0.4417670682730923,287,0.07610713338636967,0.12316859574074053,0.1253516332626589
HUBB,3771,0.5384356008869408,0.540084388185654,229,0.060726597719437815,0.17976467993815332,0.1601156513324271
HUM,3771,0.5187793044120024,0.5771971496437055,559,0.14823654203129144,0.14765854093628694,0.1668050042294722
HWM,2051,0.6469957518077135,0.8032454361054767,593,0.28912725499756214,0.3576034987369925,0.2448804209453234
IBKR,3771,0.535299543429954,0.5279503105590062,771,0.20445505171042164,0.2334185903523821,0.1356208650706722
IBM,3771,0.4160457493261695,0.3410526315789474,117,0.031026252983293555,0.09567925515606444,0.0536012810185386
ICE,3771,0.5190732638969598,0.5502008032128514,16,0.0042429063908777515,0.15329207514972593,0.1551774227559954
IDXX,3771,0.5888378108884325,0.6374407582938388,547,0.14505436223813312,0.22865860010312325,0.2044101207995852
IEX,3771,0.5020253810158636,0.5160550458715596,43,0.011402810925483956,0.14129522323523508,0.1273018198626549
IFF,3771,0.40812692413801316,0.3879668049792531,5,0.0013259082471492973,0.07159927788689782,0.0872994501788699
INCY,3771,0.48113039345266684,0.4978723404255319,669,0.17740652346857597,0.18971846408201484,0.0957767331951584
INTC,3771,0.4122822476646849,0.3783783783783784,357,0.09466984884645982,0.07279238111721736,0.0769532413270164
INTU,3771,0.6048777062347684,0.6295503211991434,310,0.08220631132325643,0.22038435621158173,0.2159846057992909
INVH,1989,0.43845236940060983,0.3847780126849894,37,0.01860231271995978,0.08192724550725655,0.037513287842614
IP,3771,0.43992270923532617,0.4084507042253521,124,0.03288252452930257,0.11602421981758856,0.0892659585277717
IQV,2929,0.5188429839542054,0.5154639175257731,76,0.025947422328439742,0.1370651965649797,0.1573538887617596
IR,1919,0.5670100447218884,0.6105476673427992,76,0.039603960396039604,0.18739791143200515,0.1998124491441626
IRM,3771,0.5347769163238051,0.5655913978494623,521,0.13815963935295678,0.18844082553728608,0.131113719383159
ISRG,3771,0.5811541939523143,0.6471816283924844,740,0.196234420578096,0.21290862695703636,0.2290492778950483
IT,3771,0.5802839758934202,0.599128540305011,284,0.07531158843808008,0.21117507778286906,0.1890112915554236
ITW,3771,0.5098455456102438,0.5,51,0.013524264120922832,0.14519380812362725,0.1507082979641176
IVZ,3771,0.36677906486474515,0.3161290322580645,156,0.04136833731105807,0.09033648722075391,0.0387905260455967
J,3771,0.45586754341252866,0.4746450304259635,45,0.011933174224343675,0.11513866070319981,0.1030869690194646
JBHT,3771,0.46803620210767444,0.4688172043010752,6,0.0015910898965791568,0.11973112603593844,0.1127811918938719
JBL,3771,0.5360210755280327,0.5638766519823789,642,0.17024661893396978,0.21594974977210105,0.115337421090832
JCI,3771,0.5071326577645969,0.540084388185654,165,0.04375497215592681,0.1636233061014288,0.1483588257461834
JKHY,3771,0.525343357916072,0.5525727069351231,125,0.03314770617873243,0.14899891344896843,0.1507582038929986
JNJ,3771,0.4328071070938674,0.423963133640553,5,0.0013259082471492973,0.09655752505181145,0.0940654721211529
JPM,3771,0.5326044022226976,0.547568710359408,27,0.007159904534606206,0.17678030168947179,0.1697132982175344
KDP,3771,0.4963539069370978,0.4618473895582329,403,0.10686820472023335,0.15174157222769455,0.1175045442582434
KEY,3771,0.4477251858361776,0.429193899782135,199,0.05277114823654203,0.1235642396103773,0.0931375213739671
KEYS,2564,0.5594752658483566,0.5633412257922161,312,0.12168486739469579,0.18384281536811548,0.1497871448602422
KHC,2387,0.30791402113946753,0.2453987730061349,7,0.002932551319648094,-0.028790954210399358,-0.0177063343970268
KIM,3771,0.4437759949847604,0.4566744730679157,125,0.03314770617873243,0.0988200092804893,0.0773607196619678
KKR,3638,0.5813508338566336,0.6496815286624203,497,0.1366135239142386,0.24609617929435734,0.21489326956340732
KLAC,3771,0.6607334449517073,0.7075268817204301,618,0.16388225934765313,0.2911517385296729,0.2511084657978484
KMB,3771,0.4309598756583749,0.4151785714285714,64,0.016971625563511006,0.08824004952521326,0.0792947626120486
KMI,3491,0.42910242747923505,0.4320486815415821,181,0.05184760813520481,0.07945960622454096,0.1017074859843905
KO,3771,0.4215343516435791,0.3826638477801268,0,0.0,0.09164142105717171,0.0904618923479021
KR,3771,0.5180304982316478,0.5246913580246914,526,0.13948554760010606,0.16451262135587427,0.148031658173025
KVUE,415,0.3447883246726694,0.3326612903225806,0,0.0,0.02009327832694777,0.0776763722529794
L,3771,0.3889929255272093,0.3681917211328976,0,0.0,0.07777843909935744,0.0875589976861823
LDOS,3771,0.5024913085258348,0.5285412262156448,421,0.11164147440997083,0.15835166158313294,0.117076658796196
LEN,3771,0.5028346255734593,0.4810924369747899,492,0.13046937151949084,0.1882072144516961,0.155300469952401
LH,3771,0.42335883322658324,0.4369918699186992,0,0.0,0.10160124866320928,0.0977752427251386
LHX,3771,0.5108430442718398,0.5112612612612613,134,0.03553434102360117,0.14795239521786782,0.1405534294948605
LII,3771,0.5825042313434765,0.6321353065539113,556,0.14744099708300185,0.21830321498938568,0.2175803824273368
LIN,3771,0.4877721498939269,0.5118279569892473,0,0.0,0.13761259489237898,0.1388794450278099
LITE,2374,0.5204071649671905,0.5111129027923351,671,0.2826453243470935,0.25300516948820995,0.11199488444468005
LLY,3771,0.6114708595487643,0.6740088105726872,851,0.2256695836648104,0.26315966357599746,0.2265561086379488
LMT,3771,0.5432124331698857,0.5808510638297872,242,0.06417395916202599,0.16281719117471338,0.1510053986455575
LNT,3771,0.4808988130342743,0.4576612903225806,75,0.01988862370723946,0.12462581731844206,0.1335086634624003
LOW,3771,0.555023375201056,0.5483870967741935,243,0.06443914081145585,0.19272398148585748,0.1558671677833039
LRCX,3771,0.5935170762278853,0.6907894736842105,1099,0.2914346327234155,0.28618809516902005,0.278243601783416
LULU,3771,0.5276504018750473,0.5334685598377282,1144,0.3033678069477592,0.25479626078643963,0.1664809229715524
LUV,3771,0.4146421553122441,0.3361344537815126,520,0.13789445770352693,0.1256929854544628,0.046162198236396
LVS,3771,0.42898461828164447,0.3363844393592677,375,0.09944311853619729,0.11268472778676332,0.0442931208763144
LYB,3692,0.48484873824802666,0.47476869535693056,464,0.1256771397616468,0.1614049404614665,0.09330871010288805
LYV,3771,0.5590825850402916,0.6278118609406953,624,0.1654733492442323,0.2183168160874985,0.1976472915099258
MA,3771,0.6300578102449504,0.6629711751662971,409,0.10845929461681252,0.23585255637576774,0.2294591356774007
MAA,3771,0.45139678419561413,0.4265010351966873,246,0.06523468575974542,0.11754172091868828,0.0842627614179081
MAR,3771,0.5385995354219492,0.5630252100840336,355,0.09413948554760011,0.18159396756861973,0.1679884598464034
MAS,3771,0.5057932344609605,0.488659793814433,380,0.1007690267833466,0.15955109637860185,0.1424982215918153
MCD,3771,0.47469746889861797,0.4448979591836735,219,0.05807478122513922,0.12890237577975244,0.1087026645674382
MCHP,3771,0.4944386354173597,0.5072164948453608,189,0.050119331742243436,0.14226670330198016,0.1166655618483931
MCK,3771,0.5362951661533276,0.5685483870967742,444,0.1177406523468576,0.1916983298668442,0.2003499432164872
MCO,3771,0.623319179315677,0.6450304259634888,338,0.0896313975072925,0.2333624530962166,0.2305584489310626
MDLZ,3771,0.44788195307649215,0.4336099585062241,12,0.0031821797931583136,0.10249648677842582,0.0935099588006489
MDT,3771,0.42360993310042766,0.4301552106430155,0,0.0,0.08796288677300218,0.0791812088339987
MET,3771,0.41970717897139265,0.3760504201680672,6,0.0015910898965791568,0.10561716932447014,0.0706153605970107
META,3172,0.6564282584091624,0.7448132780082988,922,0.2906683480453972,0.3577088264231271,0.3052506113338585
MGM,3771,0.42331988193540127,0.3543788187372709,419,0.1111111111111111,0.13157642141251874,0.0299709039164823
MKC,3771,0.4658027286280542,0.4799196787148594,177,0.046937151949085126,0.1139612539913129,0.1099961477624602
MLM,3771,0.5046145520265434,0.4899598393574297,215,0.057014054627419784,0.15845502193702632,0.1366498387749355
MMM,3771,0.4266684416165539,0.4117647058823529,158,0.041898700609917794,0.10248825191057045,0.1142666734709616
MNST,3771,0.5397541945679857,0.5316455696202531,695,0.1843012463537523,0.22183715845418786,0.1456022798842464
MO,3771,0.5029337939799459,0.4969696969696969,207,0.05489260143198091,0.13930032055982725,0.1561783305616375
MOS,3771,0.3254907070320783,0.1403508771929824,459,0.12171837708830549,0.04961469182373574,-0.0686298845849642
MPC,3399,0.5701562147044898,0.6872340425531915,743,0.21859370403059725,0.25438975169251143,0.2676417784888183
MPWR,3771,0.682164909714009,0.7876288659793814,848,0.2248740387165208,0.30270026754240315,0.3282818810765759
MRK,3771,0.44939518713615345,0.4195652173913043,296,0.0784937682312384,0.10454479013286548,0.1043926542166862
MRNA,1523,0.41346361274201837,0.1951219512195122,449,0.2948128693368352,0.7230986552236819,-0.0768820335946112
MRSH,3771,0.563573500749864,0.5797101449275363,12,0.0031821797931583136,0.17216555155766497,0.1688564989015053
MRVL,3771,0.4945642339618455,0.536144578313253,651,0.1726332537788385,0.16650954122047829,0.1369386569028614
MS,3771,0.5077665688650683,0.5189075630252101,432,0.11455847255369929,0.17759438307749123,0.1494976531017557
MSCI,3771,0.5884741503830041,0.6356107660455487,742,0.1967647838769557,0.22410286680462105,0.2121819905113284
MSFT,3771,0.6112374080529951,0.6845637583892618,347,0.09201803235216123,0.22620653423476914,0.2451822886779695
MSI,3771,0.5937557108881728,0.6344086021505376,287,0.07610713338636967,0.20850401461618137,0.1943231102392033
MTB,3771,0.430592313037652,0.3812636165577342,102,0.027048528241845664,0.1033568732769452,0.0943636599868871
MTD,3771,0.5486383339219131,0.5672268907563025,203,0.05383187483426147,0.17861007611879487,0.1597667943963647
MU,3771,0.5234419197798199,0.5436105476673428,1036,0.2747281888093344,0.3087096619951111,0.1633801220499928
NCLH,3005,0.3971672677385417,0.3259109311740891,354,0.11780366056572379,0.06613413791851402,0.0392156481986127
NDAQ,3771,0.5829939946010227,0.6300211416490487,117,0.031026252983293555,0.198217688683437,0.1991229709491231
NDSN,3771,0.49255734048099886,0.4652173913043478,354,0.09387430389817025,0.15130107064563023,0.1121452500579611
NEE,3771,0.5306284770539427,0.5590062111801242,54,0.014319809069212411,0.15295546717137234,0.1732168208462512
NEM,3771,0.3694791489171951,0.2597137014314928,428,0.11349774595597985,0.07462220910115246,-0.0008531512340711
NFLX,3771,0.6499695758716878,0.8936170212765957,1848,0.4900556881463803,0.4969027738108661,0.4535233620123851
NI,3771,0.5420798836738554,0.551063829787234,330,0.08750994431185362,0.16665044618804445,0.1867674406174013
NKE,3771,0.4751085822236531,0.481042654028436,231,0.061256961018297536,0.12327458641837356,0.1437737233229776
NOC,3771,0.5660882242612347,0.5883534136546185,373,0.09891275523733757,0.18585559147450906,0.1944899133502937
NOW,3143,0.6750085713638806,0.7916666666666666,931,0.2962138084632517,0.3212006188278512,0.3358050739547993
NRG,3771,0.48728700865007596,0.4325581395348837,886,0.23495094139485548,0.21241462848290638,0.1119566640158862
NSC,3771,0.4935908143675679,0.4899193548387097,78,0.020684168655529037,0.1410399951678375,0.156378131041009
NTAP,3771,0.43653073272760734,0.3581081081081081,573,0.15194908512330946,0.14161005186822873,0.0490780343496328
NTRS,3771,0.42589447084383575,0.4207317073170731,31,0.008220631132325643,0.0961101722680935,0.1143844794818924
NUE,3771,0.43164769940362796,0.3560767590618336,405,0.10739856801909307,0.14093559016526408,0.0752094426296936
NVDA,3771,0.6798138672421159,0.8350951374207188,1682,0.4460355343410236,0.6310371083648173,0.4317508043816114
NVR,3771,0.5375339736363278,0.5217391304347826,429,0.11376292760540971,0.18567345552938475,0.1760313492069336
NWS,2901,0.4031969615056911,0.3485477178423236,98,0.03378145467080317,0.09949509102676175,0.0487961839374821
NWSA,2901,0.38743316228165714,0.3373493975903614,108,0.03722854188210962,0.09273207397690111,0.0435347139248722
NXPI,3622,0.5612187160179665,0.6260564831993404,525,0.14494754279403643,0.21739083851158633,0.1970234180600263
O,3771,0.43940042832861015,0.4301075268817204,298,0.07902413153009812,0.09838202031161472,0.0881499760377497
ODFL,3771,0.6480009003323385,0.7482837528604119,710,0.18827897109520023,0.2666266770869389,0.3085558734410294
OKE,3771,0.5715435444965171,0.6424242424242425,658,0.17448952532484752,0.21778245274934782,0.2023698243317144
OMC,3771,0.42210281731205496,0.4344827586206896,22,0.005833996287456908,0.0891443306678001,0.0747001568910847
ON,3771,0.4916638302065383,0.4615384615384615,782,0.2073720498541501,0.18225332167949485,0.1250000272582219
ORCL,3771,0.5058041667429437,0.4969325153374233,265,0.07027313709891275,0.1702908728789093,0.1330534910390339
ORLY,3771,0.635555978848998,0.6842105263157895,759,0.2012728719172633,0.24770068969171247,0.2439838663640197
OTIS,1202,0.487834370050383,0.47368377917650145,0,0.0,0.12237495837937902,0.11469291726109085
OXY,3771,0.33937194676218385,0.2588495575221239,354,0.09387430389817025,0.08066790165891739,-0.0044631854210408
PANW,3129,0.615806212679756,0.6987951807228916,871,0.278363694471077,0.306422943418692,0.2523484649698242
PAYX,3771,0.5056648056481953,0.4819277108433735,29,0.0076902678334659245,0.14608447455656948,0.1419354975759996
PCAR,3771,0.4644939492438189,0.4372384937238494,150,0.03977724741447892,0.13221217812710118,0.1244855858219426
PCG,3771,0.34572464659934116,0.2890995260663507,193,0.05118005833996288,0.003064419951722058,0.053109418417496
PEG,3771,0.43994998631592525,0.4146868250539957,0,0.0,0.10437598333935942,0.1009020646326863
PEP,3771,0.4158870898488776,0.388663967611336,1,0.00026518164942985947,0.08419960266008247,0.0894478759654318
PFE,3771,0.4211870078682083,0.4095022624434389,132,0.035003977724741446,0.0827793724414747,0.0945825088521992
PFG,3771,0.4650894073873991,0.4222689075630252,210,0.05568814638027048,0.13589539587531183,0.1047465746772731
PG,3771,0.42372960282355276,0.4012096774193548,135,0.03579952267303103,0.09551316954664993,0.0785818639301876
PGR,3771,0.5873495150721533,0.6064908722109533,484,0.12834791832405198,0.21708629178366132,0.1985552913937927
PH,3771,0.547011073595436,0.5568181818181818,166,0.04402015380535667,0.2012191834963665,0.1817428205437423
PHM,3771,0.5100756424965589,0.4596774193548387,794,0.2105542296473084,0.2517112425449678,0.1289855374213042
PKG,3771,0.5598048270870959,0.5608247422680412,329,0.08724476266242376,0.19934469887395515,0.1635813377203878
PLD,3771,0.494617406967597,0.4736842105263157,128,0.03394325112702201,0.1398111844127389,0.1389236333530201
PLTR,1067,0.6340917873963728,0.967741935483871,611,0.5726335520149953,1.0507408780987293,0.8401401422788655
PM,3771,0.4775834301445004,0.4805491990846682,237,0.06284805091487669,0.1368940250599665,0.1006485037005684
PNC,3771,0.4602982122779848,0.4436936936936937,66,0.017501988862370723,0.12951505804847074,0.1047838345881526
PNR,3771,0.47798257631387797,0.4903225806451612,68,0.018032352161230444,0.14558294236967279,0.1269668404354149
PNW,3771,0.45295054800810736,0.4677419354838709,60,0.015910898965791568,0.102016817604521,0.1192422939750224
PODD,3771,0.5863446729744337,0.6666666666666666,888,0.2354813046937152,0.25727411974344727,0.2348084062672653
PPG,3771,0.4542610053961757,0.4373673036093418,101,0.026783346592415803,0.11506387221606514,0.0796857992396622
PPL,3771,0.39987145237186295,0.3733333333333333,50,0.013259082471492973,0.07296012604122276,0.0789301987883071
PRU,3771,0.41717349217335215,0.3367139959432049,77,0.020418987006099176,0.10847909554401892,0.0362816392060421
PSA,3771,0.4667214028298117,0.4351648351648352,243,0.06443914081145585,0.12426672156930134,0.1110683455388552
PSKY,3771,0.3947220762066551,0.2673913043478261,425,0.11270220100769027,0.0953971280619791,-0.0206474152324008
PSX,3198,0.48283105258363246,0.4634494499738082,318,0.09943714821763602,0.14464168120318033,0.1154149735149432
PTC,3771,0.5318414035901305,0.5863453815261044,263,0.06974277380005303,0.18497841134317022,0.1840182993992198
PWR,3771,0.5626342657803853,0.6094069529652352,645,0.17104216388225935,0.23791246109765127,0.2094522079179306
PYPL,2387,0.506122977525891,0.5433403805496829,437,0.18307498952660242,0.17053026045178074,0.1673357198342124
QCOM,3771,0.4682342884188485,0.4460887949260042,334,0.08857067090957306,0.14489923274206237,0.1119064575947095
RCL,3771,0.551007309526081,0.6108597285067874,1076,0.2853354547865288,0.2541774069031386,0.2467416124630903
REG,3771,0.4409345253962328,0.4431279620853081,126,0.03341288782816229,0.0984680815812612,0.0729168690652042
REGN,3771,0.5692180230004655,0.6787878787878788,1142,0.3028374436488995,0.3036990555642126,0.2165371604859987
RF,3771,0.46603783113392516,0.4553571428571428,344,0.09122248740387165,0.1497962011546605,0.0753469128335502
RJF,3771,0.5326026675836669,0.5110132158590308,131,0.034738796075311586,0.18092803740725263,0.1567255677155354
RL,3771,0.4476946049582941,0.3478260869565217,529,0.14028109254839566,0.13481101319668795,0.0733059899179828
RMD,3771,0.5251987180885668,0.5381526104417671,358,0.09493503049588968,0.17276951550648567,0.1744840249734376
ROK,3771,0.49671604718412904,0.4564755838641189,171,0.045346062052505964,0.1550937479136341,0.1119235120932284
ROL,3771,0.5746431883353085,0.6133056133056133,302,0.08008485812781756,0.1962323576062058,0.1763457070631273
ROP,3771,0.5383336197101369,0.5607287449392713,0,0.0,0.15861252429304876,0.1600094369795563
ROST,3771,0.5525572822737924,0.5679513184584178,544,0.14425881728984355,0.1903933063010332,0.1869398376659747
RSG,3771,0.5387864731359941,0.5652173913043478,9,0.002386634844868735,0.1641681385253727,0.1669180842957849
RTX,3771,0.44910917653890886,0.4381338742393509,54,0.014319809069212411,0.1160398378153839,0.1073294211356306
RVTY,3771,0.46791223979330776,0.4721649484536082,105,0.02784407319013524,0.12490088094375142,0.1347200115232854
SBAC,3771,0.49677499652605517,0.4948875255623722,443,0.11747547069742774,0.14350253746151506,0.1476675123437714
SBUX,3771,0.5131668682483251,0.4989858012170385,611,0.16202598780164412,0.17291432876516072,0.1365960630327538
SCHW,3771,0.4921625314221721,0.4880174291938998,339,0.08989657915672236,0.1619564114992042,0.1359537501117693
SHW,3771,0.5825180821622352,0.5773420479302832,324,0.08591885441527446,0.21096140464623203,0.1976294313724103
SJM,3771,0.4065390333569659,0.3900414937759336,53,0.01405462741978255,0.07293544680977346,0.0797119881102885
SLB,3771,0.3447349893379555,0.2283298097251585,307,0.08141076637496686,0.03642132749750404,-0.0218030155296432
SMCI,3771,0.5171816117034287,0.5300207039337475,1103,0.29249535932113496,0.47681164890325195,0.154532986545643
SNA,3771,0.5397263080398248,0.5807962529274004,68,0.018032352161230444,0.17115669906549563,0.1500626078191933
SNPS,3771,0.596196310333209,0.6164948453608248,419,0.1111111111111111,0.22445414631968424,0.1996252277228998
SO,3771,0.454037617681222,0.4366812227074236,76,0.02015380535666932,0.1107646878601285,0.0979575836538062
SOLV,191,0.614047116230468,0.5883534136546185,9,0.04712041884816754,0.1588015975341934,0.1187500167183763
SPG,3771,0.4927730009426846,0.5602409638554217,280,0.07425086184036064,0.137536737317714,0.1289759581239475
SPGI,3771,0.6149771091536426,0.6335540838852097,194,0.05144523998939273,0.2166567780452967,0.23024586186473
SRE,3771,0.4614071393981523,0.4202020202020202,80,0.021214531954388757,0.11355011000967875,0.1037039416549987
STE,3771,0.5281857377402581,0.5497737556561086,105,0.02784407319013524,0.15655609934841014,0.1762822674717918
STLD,3771,0.5336978117120114,0.5414141414141415,637,0.16892071068682046,0.21263722348384156,0.1791012043539732
STT,3771,0.4410941125956587,0.4143763213530655,82,0.021744895253248474,0.10900779239025675,0.1061710215418616
STX,3771,0.5684623106745935,0.6456211812627292,875,0.23203394325112703,0.2709657394009677,0.2211056283431494
STZ,3771,0.541067857274605,0.5030927835051546,764,0.20259878016441263,0.20091379407491367,0.1348773923104156
SW,3771,0.5022543633547858,0.531615925058548,530,0.1405462741978255,0.18399348986993128,0.1669039552756537
SWK,3771,0.3993795359925377,0.4345794392523364,0,0.0,0.06795455008861084,0.091047980716987
SWKS,3771,0.44846653746709836,0.3464052287581699,799,0.2118801378944577,0.18869745569415655,0.0696571905473242
SYF,2620,0.4732080639062329,0.41907912875654807,341,0.1301526717557252,0.15378539458154844,0.0821119727874427
SYK,3771,0.5228708631897745,0.5346756152125279,13,0.003447361442588173,0.1526908725402617,0.1755217388306
SYY,3771,0.42880994368337,0.3898678414096916,101,0.026783346592415803,0.1004410963668839,0.0884119821053399
T,3771,0.43664468269401135,0.4146919431279621,150,0.03977724741447892,0.10266773459525744,0.0706942550287692
TAP,3771,0.37778493208294717,0.2890995260663507,227,0.060196234420578094,0.05371045718863597,0.0357220788047527
TDG,3771,0.7003509510570951,0.7833698030634574,828,0.21957040572792363,0.29758441765670235,0.3150783818646949
TDY,3771,0.5556528907594857,0.5314401622718052,231,0.061256961018297536,0.18406216520760527,0.1877092275109311
TECH,3771,0.4466605625061372,0.407258064516129,168,0.04455051710421639,0.12349110629372537,0.0880625794158942
TEL,3771,0.5135325279303311,0.5022123893805309,57,0.015115354017501989,0.16154135596905791,0.1434869330138946
TER,3771,0.5193203758981733,0.5034324942791762,622,0.16494298594537257,0.19949946807740426,0.1349792809272143
TFC,3771,0.40628388090014594,0.3713080168776371,41,0.010872447626624237,0.08756380793084058,0.0778958268578844
TGT,3771,0.4296001092536909,0.4118993135011441,363,0.09626093874303898,0.10775968413786013,0.0703452524970464
TJX,3771,0.5573300051747496,0.5642701525054467,348,0.09228321400159109,0.19170936886373127,0.1831158839393043
TKO,3771,0.5214764939534415,0.5260869565217391,1122,0.2975338106603023,0.2945682015086457,0.1834708918886316
TMO,3771,0.5431860894464482,0.5711009174311926,114,0.030230708035003977,0.17282614407163713,0.1595286774396291
TMUS,3771,0.584679554976687,0.6587982832618026,688,0.1824449748077433,0.2365065194690495,0.1948090561127933
TPL,3771,0.6634007894445578,0.8017429193899782,1526,0.4046671970299655,0.44815070955994857,0.3373058208897384
TPR,3771,0.43047964855744625,0.3582089552238806,611,0.16202598780164412,0.16627502769643782,0.0430108937669238
TRGP,3537,0.5905629319486762,0.7702702702702703,1211,0.3423805484874187,0.31516823296263347,0.2662870537098851
TRMB,3771,0.4790199187843869,0.483402489626556,236,0.06258286926544683,0.14627100692274958,0.1278808039039853
TROW,3771,0.41227005733675404,0.355119825708061,129,0.03420843277645187,0.10011298523702589,0.0669182410899835
TRV,3771,0.49659567655596637,0.4886877828054298,21,0.005568814638027049,0.13975601998541506,0.1344971997504707
TSCO,3771,0.5888367693435508,0.6288032454361054,748,0.19835587377353486,0.23442719140081134,0.197263985139362
TSLA,3649,0.5878140207193352,0.6761710794297352,1192,0.3266648396821047,0.7646354081350124,0.1925609402169257
TSN,3771,0.46218097750048476,0.4451219512195122,506,0.13418191461150888,0.13092846954304452,0.110467613227343
TT,3771,0.6122504458720971,0.6873614190687362,340,0.09016176080615221,0.2406648241575277,0.262250836181781
TTD,2080,0.6685578028717215,0.8621019241203723,942,0.4528846153846154,0.5664788947621229,0.435626368736976
TTWO,3771,0.5990124745177513,0.703125,894,0.23707239459029436,0.2545021476741471,0.2478803695671241
TXN,3771,0.5431358621205407,0.5614035087719298,59,0.015645717316361708,0.17148007018028083,0.1595723572636791
TXT,3771,0.45736370155631845,0.4567404426559356,162,0.04295942720763723,0.12258899296597915,0.0985293010678913
TYL,3771,0.6131707528427326,0.6847826086956522,925,0.24529302572262,0.2649981731361858,0.2556898626529336
UAL,3771,0.48595199145507256,0.4457831325301205,642,0.17024661893396978,0.16740173243610876,0.1070092516637322
UBER,1418,0.5534500931338822,0.6782869069666847,319,0.22496473906911144,0.25785274306780814,0.24584012649384918
UDR,3771,0.4341449234660765,0.3890063424947146,32,0.008485812781755503,0.09662739933357659,0.0906699091227636
UHS,3771,0.48186399871295155,0.4739130434782608,306,0.081145584725537,0.13967313865758488,0.093279674492285
ULTA,3771,0.56575804204647,0.6919540229885057,1117,0.29620790241315303,0.2512656251752755,0.2205615903714963
UNH,3771,0.5951426487823362,0.6630434782608695,370,0.098117210289048,0.19897038818719487,0.2184404956691013
UNP,3771,0.5310727127013356,0.5664621676891616,58,0.015380535666931849,0.15607850732408018,0.1737825085880207
UPS,3771,0.38519885666647846,0.359338061465721,63,0.016706443914081145,0.07756329602911972,0.0572846178751591
URI,3771,0.6620983227489211,0.8064516129032258,1241,0.3290904269424556,0.38708321377227667,0.3427966783180545
USB,3771,0.41230640784688105,0.3895582329317269,21,0.005568814638027049,0.09038585927799575,0.0762598379359618
V,3771,0.6082380783753293,0.6693711967545639,237,0.06284805091487669,0.21005237032977103,0.2067459177020323
VEEV,2818,0.5807206684741465,0.6347719852464778,811,0.2877927608232789,0.25408825341528696,0.2316276448333476
VICI,1758,0.5017950105038393,0.4854771784232365,27,0.015358361774744027,0.13002020604062553,0.09438108801719655
VLO,3771,0.5575416128985107,0.6018099547511312,704,0.18668788119862106,0.22039242965558642,0.2267655026221173
VLTO,310,0.4891353419023475,0.4156626506024096,0,0.0,0.13177670031882935,0.03299954917738505
VMC,3771,0.4980000510022127,0.4898373983739837,243,0.06443914081145585,0.14604256751648045,0.1176306610196797
VRSK,3771,0.5297416915936509,0.5642570281124498,112,0.02970034473614426,0.16078082209657188,0.1684081042910046
VRSN,3771,0.5362640162840272,0.5433255269320844,536,0.14213736409440467,0.1755370984945534,0.1431773818146124
VRT,1611,0.6691255069865664,0.8309278350515464,655,0.4065797641216636,0.7202412619093986,0.4067441903907001
VRTX,3771,0.5592619258387141,0.640973630831643,757,0.20074250861840362,0.2037574323213403,0.1976995066789526
VST,2070,0.6201586586868825,0.731887413810847,687,0.3318840579710145,0.4629849581222347,0.2148025101504703
VTR,3771,0.4100853231330157,0.3870967741935484,149,0.03951206576504906,0.08336096747174813,0.0645488710002608
VTRS,3771,0.33392083609561046,0.2520833333333333,134,0.03553434102360117,0.004640810495820093,-0.0496311943794506
VZ,3771,0.4158068584016758,0.4080808080808081,4,0.0010607265977194379,0.08182224116473574,0.0786238047564198
WAB,3771,0.5553671071766695,0.6405622489959839,99,0.026252983293556086,0.17584648430707991,0.1853386527677307
WAT,3771,0.4593204033951963,0.4503171247357294,39,0.010342084327764518,0.12279721199915358,0.0945198237964473
WBD,3771,0.3351048945236933,0.2079831932773109,278,0.07372049854150092,0.03427957070020386,-0.0249999945813959
WDAY,3070,0.47757181140736116,0.42827210657492887,364,0.11856677524429968,0.14790904771565233,0.14495611986191326
WDC,3771,0.46650599548881244,0.4337899543378995,717,0.19013524264120923,0.16538743417307308,0.1123426222141006
WEC,3771,0.4900023478212616,0.4726477024070022,146,0.03871652081675948,0.12968209038631534,0.1280827389556131
WELL,3771,0.5001572966067873,0.5284552845528455,346,0.09175285070273137,0.15192974861089104,0.1439248277014833
WFC,3771,0.4614202665940824,0.4431818181818182,162,0.04295942720763723,0.12618960026619594,0.1167142974384141
WM,3771,0.5291733186197588,0.5255319148936171,81,0.021479713603818614,0.1564926415422403,0.1473400706504779
WMB,3771,0.5281646836488337,0.533175355450237,676,0.179262795014585,0.17787344117061413,0.1842484304184763
WMT,3771,0.4911641977339942,0.520242914979757,193,0.05118005833996288,0.145145459240143,0.1277172978136955
WRB,3771,0.542975598277468,0.5641592920353983,259,0.0686820472023336,0.17392682485819336,0.1732434189471228
WSM,3771,0.5595989953015291,0.5949367088607594,602,0.1596393529567754,0.2597475358745189,0.1986327836849388
WST,3771,0.5751593748565508,0.6482758620689655,558,0.14797136038186157,0.2187576137383732,0.2163996709262288
WTW,3771,0.4552441556700637,0.4797570850202429,32,0.008485812781755503,0.1152051647027576,0.1089905910931288
WY,3771,0.40619555750575825,0.385395537525355,157,0.041633518960487934,0.08943672586840487,0.0694794487459649
WYNN,3771,0.4438260207218492,0.3363844393592677,748,0.19835587377353486,0.11868266691589809,0.0470428475520017
XEL,3771,0.47053454092813957,0.4456289978678038,85,0.022540440201538052,0.11665270138257453,0.118341465610011
XOM,3771,0.4009280777105514,0.356701030927835,319,0.08459294616812517,0.0984378528726713,0.0628555817487286
XYL,3322,0.505853702324153,0.4989247311827957,198,0.059602649006622516,0.1558477473983699,0.14773923653750604
XYZ,2290,0.5285902968700484,0.5159592529711375,753,0.32882096069868993,0.44894067896494555,0.15349782601501635
YUM,3771,0.4887082943628013,0.4893617021276595,99,0.026252983293556086,0.13170120600626056,0.1258911130283102
ZBH,3771,0.38515733338922825,0.3815789473684211,4,0.0010607265977194379,0.06053379317207749,0.040699001148921
ZBRA,3771,0.5507800806294871,0.6128364389233955,698,0.1850967913020419,0.21609674151513772,0.2370623080873679
ZTS,2996,0.5352695042775908,0.5740365111561866,242,0.08077436582109479,0.15779730740951123,0.17676175852909076
