rebalance_signal_date,eligibility_reason,count
2022-01-31,eligible,42
2022-01-31,missing_or_invalid_current_price,47
2022-01-31,missing_or_invalid_t_minus_21_price,6
2022-01-31,missing_or_invalid_t_minus_252_price,5
2022-02-28,eligible,43
2022-02-28,missing_or_invalid_current_price,47
2022-02-28,missing_or_invalid_t_minus_21_price,1
2022-02-28,missing_or_invalid_t_minus_252_price,9
2022-03-31,eligible,41
2022-03-31,missing_or_invalid_current_price,48
2022-03-31,missing_or_invalid_t_minus_21_price,6
2022-03-31,missing_or_invalid_t_minus_252_price,5
2022-04-29,eligible,43
2022-04-29,missing_or_invalid_current_price,47
2022-04-29,missing_or_invalid_t_minus_21_price,2
2022-04-29,missing_or_invalid_t_minus_252_price,8
2022-05-31,eligible,42
2022-05-31,missing_or_invalid_current_price,50
2022-05-31,missing_or_invalid_t_minus_21_price,1
2022-05-31,missing_or_invalid_t_minus_252_price,7
2022-06-30,eligible,43
2022-06-30,missing_or_invalid_current_price,50
2022-06-30,missing_or_invalid_t_minus_21_price,2
2022-06-30,missing_or_invalid_t_minus_252_price,5
2022-07-29,eligible,46
2022-07-29,missing_or_invalid_current_price,42
2022-07-29,missing_or_invalid_current_volume,5
2022-07-29,missing_or_invalid_t_minus_21_price,4
2022-07-29,missing_or_invalid_t_minus_252_price,3
2022-08-31,eligible,46
2022-08-31,missing_or_invalid_current_price,37
2022-08-31,missing_or_invalid_current_volume,10
2022-08-31,missing_or_invalid_t_minus_21_price,4
2022-08-31,missing_or_invalid_t_minus_252_price,3
2022-09-30,eligible,43
2022-09-30,missing_or_invalid_current_price,37
2022-09-30,missing_or_invalid_current_volume,11
2022-09-30,missing_or_invalid_t_minus_21_price,4
2022-09-30,missing_or_invalid_t_minus_252_price,5
2022-10-31,eligible,46
2022-10-31,missing_or_invalid_current_price,37
2022-10-31,missing_or_invalid_current_volume,12
2022-10-31,missing_or_invalid_t_minus_21_price,1
2022-10-31,missing_or_invalid_t_minus_252_price,4
2022-11-30,eligible,44
2022-11-30,missing_or_invalid_current_price,36
2022-11-30,missing_or_invalid_current_volume,11
2022-11-30,missing_or_invalid_t_minus_21_price,6
2022-11-30,missing_or_invalid_t_minus_252_price,3
2022-12-30,eligible,41
2022-12-30,missing_or_invalid_current_price,36
2022-12-30,missing_or_invalid_current_volume,13
2022-12-30,missing_or_invalid_t_minus_21_price,6
2022-12-30,missing_or_invalid_t_minus_252_price,4
2023-01-31,eligible,46
2023-01-31,missing_or_invalid_current_price,36
2023-01-31,missing_or_invalid_current_volume,8
2023-01-31,missing_or_invalid_t_minus_21_price,6
2023-01-31,missing_or_invalid_t_minus_252_price,4
2023-02-28,eligible,45
2023-02-28,missing_or_invalid_current_price,35
2023-02-28,missing_or_invalid_current_volume,12
2023-02-28,missing_or_invalid_t_minus_21_price,6
2023-02-28,missing_or_invalid_t_minus_252_price,2
2023-03-31,eligible,46
2023-03-31,missing_or_invalid_current_price,35
2023-03-31,missing_or_invalid_current_volume,14
2023-03-31,missing_or_invalid_t_minus_21_price,1
2023-03-31,missing_or_invalid_t_minus_252_price,4
2023-04-28,eligible,45
2023-04-28,missing_or_invalid_current_price,35
2023-04-28,missing_or_invalid_current_volume,13
2023-04-28,missing_or_invalid_t_minus_21_price,2
2023-04-28,missing_or_invalid_t_minus_252_price,5
2023-05-31,eligible,46
2023-05-31,missing_or_invalid_current_price,35
2023-05-31,missing_or_invalid_current_volume,13
2023-05-31,missing_or_invalid_t_minus_21_price,4
2023-05-31,missing_or_invalid_t_minus_252_price,2
2023-06-30,eligible,44
2023-06-30,missing_or_invalid_current_price,35
2023-06-30,missing_or_invalid_current_volume,13
2023-06-30,missing_or_invalid_t_minus_21_price,4
2023-06-30,missing_or_invalid_t_minus_252_price,4
2023-07-31,eligible,47
2023-07-31,missing_or_invalid_current_price,35
2023-07-31,missing_or_invalid_current_volume,11
2023-07-31,missing_or_invalid_t_minus_21_price,5
2023-07-31,missing_or_invalid_t_minus_252_price,2
2023-08-31,eligible,47
2023-08-31,missing_or_invalid_current_price,35
2023-08-31,missing_or_invalid_current_volume,12
2023-08-31,missing_or_invalid_t_minus_21_price,4
2023-08-31,missing_or_invalid_t_minus_252_price,2
2023-09-29,eligible,46
2023-09-29,missing_or_invalid_current_price,34
2023-09-29,missing_or_invalid_current_volume,15
2023-09-29,missing_or_invalid_t_minus_21_price,4
2023-09-29,missing_or_invalid_t_minus_252_price,1
2023-10-31,eligible,47
2023-10-31,missing_or_invalid_current_price,33
2023-10-31,missing_or_invalid_current_volume,10
2023-10-31,missing_or_invalid_t_minus_21_price,7
2023-10-31,missing_or_invalid_t_minus_252_price,3
2023-11-30,eligible,46
2023-11-30,missing_or_invalid_current_price,33
2023-11-30,missing_or_invalid_current_volume,10
2023-11-30,missing_or_invalid_t_minus_21_price,6
2023-11-30,missing_or_invalid_t_minus_252_price,5
2023-12-29,eligible,45
2023-12-29,missing_or_invalid_current_price,33
2023-12-29,missing_or_invalid_current_volume,8
2023-12-29,missing_or_invalid_t_minus_21_price,9
2023-12-29,missing_or_invalid_t_minus_252_price,5
2024-01-31,eligible,47
2024-01-31,missing_or_invalid_current_price,32
2024-01-31,missing_or_invalid_current_volume,9
2024-01-31,missing_or_invalid_t_minus_21_price,2
2024-01-31,missing_or_invalid_t_minus_252_price,10
2024-02-29,eligible,48
2024-02-29,missing_or_invalid_current_price,32
2024-02-29,missing_or_invalid_current_volume,10
2024-02-29,missing_or_invalid_t_minus_21_price,4
2024-02-29,missing_or_invalid_t_minus_252_price,6
2024-03-28,eligible,47
2024-03-28,missing_or_invalid_current_price,32
2024-03-28,missing_or_invalid_current_volume,9
2024-03-28,missing_or_invalid_t_minus_21_price,7
2024-03-28,missing_or_invalid_t_minus_252_price,5
2024-04-30,eligible,47
2024-04-30,missing_or_invalid_current_price,32
2024-04-30,missing_or_invalid_current_volume,15
2024-04-30,missing_or_invalid_t_minus_21_price,3
2024-04-30,missing_or_invalid_t_minus_252_price,3
2024-05-31,eligible,48
2024-05-31,missing_or_invalid_current_price,32
2024-05-31,missing_or_invalid_current_volume,13
2024-05-31,missing_or_invalid_t_minus_21_price,2
2024-05-31,missing_or_invalid_t_minus_252_price,5
2024-06-28,eligible,44
2024-06-28,missing_or_invalid_current_price,32
2024-06-28,missing_or_invalid_current_volume,14
2024-06-28,missing_or_invalid_t_minus_21_price,5
2024-06-28,missing_or_invalid_t_minus_252_price,5
2024-07-31,eligible,49
2024-07-31,missing_or_invalid_current_price,32
2024-07-31,missing_or_invalid_current_volume,10
2024-07-31,missing_or_invalid_t_minus_21_price,4
2024-07-31,missing_or_invalid_t_minus_252_price,5
2024-08-30,eligible,48
2024-08-30,missing_or_invalid_current_price,32
2024-08-30,missing_or_invalid_current_volume,11
2024-08-30,missing_or_invalid_t_minus_21_price,4
2024-08-30,missing_or_invalid_t_minus_252_price,5
2024-09-30,eligible,48
2024-09-30,missing_or_invalid_current_price,32
2024-09-30,missing_or_invalid_current_volume,12
2024-09-30,missing_or_invalid_t_minus_21_price,4
2024-09-30,missing_or_invalid_t_minus_252_price,4
2024-10-31,eligible,49
2024-10-31,missing_or_invalid_current_price,32
2024-10-31,missing_or_invalid_current_volume,12
2024-10-31,missing_or_invalid_t_minus_21_price,3
2024-10-31,missing_or_invalid_t_minus_252_price,4
2024-11-29,eligible,46
2024-11-29,missing_or_invalid_current_price,32
2024-11-29,missing_or_invalid_current_volume,13
2024-11-29,missing_or_invalid_t_minus_21_price,3
2024-11-29,missing_or_invalid_t_minus_252_price,6
2024-12-31,eligible,54
2024-12-31,missing_or_invalid_current_price,32
2024-12-31,missing_or_invalid_current_volume,10
2024-12-31,missing_or_invalid_t_minus_21_price,4
2025-01-31,eligible,53
2025-01-31,missing_or_invalid_current_price,31
2025-01-31,missing_or_invalid_current_volume,12
2025-01-31,missing_or_invalid_t_minus_21_price,3
2025-01-31,missing_or_invalid_t_minus_252_price,1
2025-02-28,eligible,51
2025-02-28,missing_or_invalid_current_price,28
2025-02-28,missing_or_invalid_current_volume,15
2025-02-28,missing_or_invalid_t_minus_21_price,2
2025-02-28,missing_or_invalid_t_minus_252_price,4
2025-03-31,eligible,52
2025-03-31,missing_or_invalid_current_price,28
2025-03-31,missing_or_invalid_current_volume,11
2025-03-31,missing_or_invalid_t_minus_21_price,6
2025-03-31,missing_or_invalid_t_minus_252_price,3
2025-04-30,eligible,50
2025-04-30,missing_or_invalid_current_price,26
2025-04-30,missing_or_invalid_current_volume,16
2025-04-30,missing_or_invalid_t_minus_21_price,3
2025-04-30,missing_or_invalid_t_minus_252_price,5
2025-05-30,eligible,53
2025-05-30,missing_or_invalid_current_price,26
2025-05-30,missing_or_invalid_current_volume,16
2025-05-30,missing_or_invalid_t_minus_21_price,3
2025-05-30,missing_or_invalid_t_minus_252_price,2
2025-06-30,eligible,49
2025-06-30,missing_or_invalid_current_price,24
2025-06-30,missing_or_invalid_current_volume,15
2025-06-30,missing_or_invalid_t_minus_21_price,12
2025-07-31,eligible,51
2025-07-31,missing_or_invalid_current_price,21
2025-07-31,missing_or_invalid_current_volume,18
2025-07-31,missing_or_invalid_t_minus_21_price,5
2025-07-31,missing_or_invalid_t_minus_252_price,5
2025-08-29,eligible,50
2025-08-29,missing_or_invalid_current_price,20
2025-08-29,missing_or_invalid_current_volume,20
2025-08-29,missing_or_invalid_t_minus_21_price,4
2025-08-29,missing_or_invalid_t_minus_252_price,6
2025-09-30,eligible,52
2025-09-30,missing_or_invalid_current_price,20
2025-09-30,missing_or_invalid_current_volume,20
2025-09-30,missing_or_invalid_t_minus_21_price,3
2025-09-30,missing_or_invalid_t_minus_252_price,5
2025-10-31,eligible,51
2025-10-31,missing_or_invalid_current_price,19
2025-10-31,missing_or_invalid_current_volume,21
2025-10-31,missing_or_invalid_t_minus_21_price,6
2025-10-31,missing_or_invalid_t_minus_252_price,3
2025-11-28,eligible,51
2025-11-28,missing_or_invalid_current_price,18
2025-11-28,missing_or_invalid_current_volume,23
2025-11-28,missing_or_invalid_t_minus_21_price,5
2025-11-28,missing_or_invalid_t_minus_252_price,3
2025-12-31,eligible,52
2025-12-31,missing_or_invalid_current_price,18
2025-12-31,missing_or_invalid_current_volume,21
2025-12-31,missing_or_invalid_t_minus_21_price,6
2025-12-31,missing_or_invalid_t_minus_252_price,3
2026-01-30,eligible,52
2026-01-30,missing_or_invalid_current_price,17
2026-01-30,missing_or_invalid_current_volume,19
2026-01-30,missing_or_invalid_t_minus_21_price,6
2026-01-30,missing_or_invalid_t_minus_252_price,6
2026-02-27,eligible,55
2026-02-27,missing_or_invalid_current_price,15
2026-02-27,missing_or_invalid_current_volume,21
2026-02-27,missing_or_invalid_t_minus_21_price,5
2026-02-27,missing_or_invalid_t_minus_252_price,4
2026-03-31,eligible,54
2026-03-31,missing_or_invalid_current_price,15
2026-03-31,missing_or_invalid_current_volume,18
2026-03-31,missing_or_invalid_t_minus_21_price,5
2026-03-31,missing_or_invalid_t_minus_252_price,8
2026-04-30,eligible,54
2026-04-30,missing_or_invalid_current_price,10
2026-04-30,missing_or_invalid_current_volume,30
2026-04-30,missing_or_invalid_t_minus_21_price,3
2026-04-30,missing_or_invalid_t_minus_252_price,3
2026-05-29,eligible,50
2026-05-29,missing_or_invalid_current_price,7
2026-05-29,missing_or_invalid_current_volume,33
2026-05-29,missing_or_invalid_t_minus_21_price,8
2026-05-29,missing_or_invalid_t_minus_252_price,2
2026-06-30,eligible,55
2026-06-30,missing_or_invalid_current_price,2
2026-06-30,missing_or_invalid_current_volume,28
2026-06-30,missing_or_invalid_t_minus_21_price,14
2026-06-30,missing_or_invalid_t_minus_252_price,1
2026-07-31,eligible,54
2026-07-31,missing_or_invalid_current_price,1
2026-07-31,missing_or_invalid_current_volume,39
2026-07-31,missing_or_invalid_t_minus_21_price,3
2026-07-31,missing_or_invalid_t_minus_252_price,3
2026-08-11,eligible,55
2026-08-11,missing_or_invalid_current_volume,36
2026-08-11,missing_or_invalid_t_minus_21_price,6
2026-08-11,missing_or_invalid_t_minus_252_price,3
